/**
 * a_Location
 */
Insert INTO a_Location Values('83465','Lemhi','ID')
Insert INTO a_Location Values('48661','West Branch','MI')
Insert INTO a_Location Values('88118','Floyd','NM')
Insert INTO a_Location Values('52302','Marion','IA')
Insert INTO a_Location Values('19548','Pine Forge','PA')
Insert INTO a_Location Values('41083','Sanders','KY')
Insert INTO a_Location Values('55435','Minneapolis','MN')
Insert INTO a_Location Values('50330','Des Moines','IA')
Insert INTO a_Location Values('64668','Norborne','MO')
Insert INTO a_Location Values('43464','Vickery','OH')
Insert INTO a_Location Values('22216','Arlington','VA')
Insert INTO a_Location Values('29901','Beaufort','SC')
Insert INTO a_Location Values('90842','Long Beach','CA')
Insert INTO a_Location Values('54495','Wisconsin Rapids','WI')
Insert INTO a_Location Values('76011','Arlington','TX')
Insert INTO a_Location Values('21750','Hancock','MD')
Insert INTO a_Location Values('43768','Old Washington','OH')
Insert INTO a_Location Values('60159','Schaumburg','IL')
Insert INTO a_Location Values('58123','Fargo','ND')
Insert INTO a_Location Values('28431','Chadbourn','NC')

/**
 * a_Customer
 */
INSERT INTO a_Customer VALUES (1349,'58123','Kellie','Ferrell','730-6569 Vitae Road','eget.mollis.lectus@duinectempus.ca','6976917357');
INSERT INTO a_Customer VALUES (1692,'76011','Amy','Johnson','289-4443 Magna Rd.','justo.faucibus.lectus@estvitae.net','9105137483');
INSERT INTO a_Customer VALUES (1181,'21750','Ora','Eaton','757-5852 Dui. Rd.','aliquam@tristiquesenectuset.org','8376610541');
INSERT INTO a_Customer VALUES (1615,'43464','Justin','Hardin','225-5083 Donec Road','Suspendisse@velitPellentesqueultricies.org','9738993745');
INSERT INTO a_Customer VALUES (1286,'83465','Chelsea','Bryan','1618 Ultricies Street','auctor.velit@Curabitur.edu','2401658034');
INSERT INTO a_Customer VALUES (1552,'55435','Leo','Morrison','696-9091 Sem Rd.','bibendum@malesuadafamesac.org','5327413050');
INSERT INTO a_Customer VALUES (1566,'29901','Honorato','Stewart','8728 Convallis St.','Morbi@faucibus.ca','7686365910');
INSERT INTO a_Customer VALUES (1370,'52302','Nolan','Bryan','356-2456 Risus. St.','Cras.convallis.convallis@sagittisDuisgravida.ca','9512965603');
INSERT INTO a_Customer VALUES (1629,'28431','Kane','Greene','413-5911 Rhoncus. St.','ut.molestie@semconsequat.edu','4555321164');
INSERT INTO a_Customer VALUES (1468,'60159','Kylynn','Cruz','248-1866 Diam St.','semper.dui@egetnisidictum.co.uk','3065590750');
INSERT INTO a_Customer VALUES (1188,'22216','Stephen','Shepard','8716 Nec, Rd.','Cras.vehicula@cubilia.ca','9621483578');
INSERT INTO a_Customer VALUES (1440,'64668','Cassady','Sampson','P.O. Box 359, 7712 Phasellus Road','id.ante@malesuadavelvenenatis.com','9372272671');
INSERT INTO a_Customer VALUES (1496,'64668','Dennis','Miles','7451 Nulla Ave','tempus.non@ultricesa.co.uk','1214235593');
INSERT INTO a_Customer VALUES (1216,'48661','Karyn','Contreras','6658 Congue Street','imperdiet.ullamcorper.Duis@volutpatornarefacilisis.net','3459749104');
INSERT INTO a_Customer VALUES (1531,'88118','Stacey','Carson','Ap #661-3324 Ac, Street','primis.in@Fusce.com','6841137355');
INSERT INTO a_Customer VALUES (1790,'43768','Nita','Kane','P.O. Box 291, 9369 Elit, St.','Aenean@bibendumfermentum.co.uk','2182789554');
INSERT INTO a_Customer VALUES (1419,'50330','Aurelia','Booker','1409 Eleifend St.','lacinia.at.iaculis@facilisis.edu','6636198497');
INSERT INTO a_Customer VALUES (1622,'41083','Ishmael','Potter','P.O. Box 752, 7963 Tempor, Avenue','dolor.quam@aliquamadipiscinglacus.org','7518872200');
INSERT INTO a_Customer VALUES (1251,'19548','Sonia','Payne','354-6927 Ornare, Avenue','Morbi@placerategetvenenatis.net','8929890179');
INSERT INTO a_Customer VALUES (1146,'90842','Kameko','Jacobson','Ap #539-6954 Maecenas Rd.','eget@utcursus.edu','8609022572');


/**
 * a_Employee
 */
INSERT INTO  a_Employee VALUES(1000,'83465','Imani','Jolie','4903 Sit Av.','eget@velquamdignissim.co.uk','8008453750');
INSERT INTO  a_Employee VALUES(1007,'48661','Lane','Vaughan','4667 Eu, Rd.','tristique@erosnectellus.ca','3389470872');
INSERT INTO  a_Employee VALUES(1014,'88118','Erich','Halla','273-2518 Egestas. Street','hendrerit@nonmagna.ca','8286247226');
INSERT INTO  a_Employee VALUES(1021,'88118','Thaddeus','Marvin','736-9014 Amet, Avenue','quis@elementum.ca','9104332432');
INSERT INTO  a_Employee VALUES(1028,'52302','Teegan','Bruce','Ap #710-1877 Morbi Av.','sapien@cursus.com','3101448767');
INSERT INTO  a_Employee VALUES(1035,'19548','Yoko','Myles','Ap #910-6389 Ac St.','sit.amet.metus@in.edu','2483653967');
INSERT INTO  a_Employee VALUES(1042,'50330','Alexandra','Rooney','P.O. Box 348, 3121 Sit St.','magna.nec.quam@egestaslacinia.ca','5227143968');
INSERT INTO  a_Employee VALUES(1049,'64668','Colby','Silas','P.O. Box 153, 6134 Vestibulum Rd.','blandit@dictumultricies.com','9185860918');
INSERT INTO  a_Employee VALUES(1056,'43464','Murphy','Zane','Ap #961-3672 Orci Ave','quam.vel.sapien@metus.co.uk','8064091399');
INSERT INTO  a_Employee VALUES(1063,'22216','Chancellor','Ava','P.O. Box 423, 1665 Erat Ave','sit@duiCum.edu','4354901712');
INSERT INTO  a_Employee VALUES(1070,'90842','Cassandra','Willow','P.O. Box 794, 514 Dapibus Av.','ultrices@aliquetmagna.net','7228773286');
INSERT INTO  a_Employee VALUES(1077,'90842','Madaline','Jonah','Ap #709-1422 Parturient Rd.','Vivamus@et.edu','5261605027');
INSERT INTO  a_Employee VALUES(1084,'54495','Alexandra','Tiger','P.O. Box 226, 4539 Tellus Rd.','congue@lectus.edu','8681330538');
INSERT INTO  a_Employee VALUES(1091,'76011','Raya','Erasmus','6804 Malesuada St.','turpis@suscipit.com','9524203396');
INSERT INTO  a_Employee VALUES(1098,'21750','Martena','Alexandra','Ap #382-780 Faucibus Av.','ante.ipsum.primis@iaculisaliquet.ca','7593192730');
INSERT INTO  a_Employee VALUES(1105,'43768','Emily','Mufutau','717-9583 Quis St.','leo.Cras.vehicula@Proin.co.uk','8762341180');
INSERT INTO  a_Employee VALUES(1112,'60159','Dexter','Shaeleigh','439-6169 Nulla St.','sem@nonnisiAenean.org','5706854383');
INSERT INTO  a_Employee VALUES(1119,'58123','Mufutau','Charde','982 Cursus. Road','sem.vitae.aliquam@afacilisis.co.uk','5302528836');
INSERT INTO  a_Employee VALUES(1126,'28431','Justine','Kuame','616-7432 Commodo Street','vel@sitametorci.org','6321066886');
INSERT INTO  a_Employee VALUES(1133,'64668','Ima','Elmo','P.O. Box 700, 678 Malesuada St.','erat.Vivamus@blanditcongue.edu','6891806819');
INSERT INTO  a_Employee VALUES(1140,'19548','Ahmed','Olympia','Ap #910-154 Suspendisse Rd.','ut.eros.non@nuncsitamet.edu','1814836323');

/**
 * a_Distributor
 */
INSERT INTO a_Distributor VALUES(1231,'83465','Sed Diam Institute','151-9699 Libero Rd.','Aenean.gravida.nunc@non.org','5008910949');
INSERT INTO a_Distributor VALUES(1234,'48661','A Dui Cras Incorporated','141-9893 Magnis Avenue','nostra.per@conubianostra.net','2231875944');
INSERT INTO a_Distributor VALUES(1237,'88118','Elit Company','345-417 Non St.','quam@variusNam.edu','4743438340');
INSERT INTO a_Distributor VALUES(1240,'52302','Arcu Imperdiet Ullamcorper Consulting','Ap #281-3780 Dolor. St.','purus@Morbinonsapien.co.uk','3012221920');
INSERT INTO a_Distributor VALUES(1243,'19548','Velit Egestas LLP','5476 Enim Road','ornare.lectus@Quisqueimperdieterat.com','3446306824');
INSERT INTO a_Distributor VALUES(1246,'41083','Aliquam Iaculis Lacus LLC','Ap #967-7284 Consectetuer Avenue','metus@nonleoVivamus.ca','8675100376');
INSERT INTO a_Distributor VALUES(1249,'55435','Ipsum Suspendisse Non LLC','159-5774 Bibendum Rd.','erat.eget.ipsum@maurissapiencursus.edu','3575352372');
INSERT INTO a_Distributor VALUES(1252,'50330','Suspendisse Tristique Corp.','P.O. Box 968, 8105 Phasellus Rd.','in@ipsumprimis.com','2403663437');
INSERT INTO a_Distributor VALUES(1255,'64668','Vitae Purus Gravida Corp.','Ap #128-2579 Nibh Road','sed.consequat.auctor@id.org','6574749723');
INSERT INTO a_Distributor VALUES(1258,'43768','Ac Corporation','382 Eleifend Rd.','id@atauctorullamcorper.net','9395747870');
INSERT INTO a_Distributor VALUES(1261,'90842','Ornare Facilisis Incorporated','Ap #487-9422 Malesuada St.','ridiculus.mus@odiosagittissemper.ca','6819758748');
INSERT INTO a_Distributor VALUES(1264,'22216','Nisi Nibh Lacinia Corp.','127-156 Dictum. Rd.','id@lectuspede.edu','1923401608');

/**
 * a_Model
 */
INSERT INTO a_Model VALUES(212,'$8818.17','Cheverolet Tahoe');
INSERT INTO a_Model VALUES(213,'$3053.58','Cheverolet Impala');
INSERT INTO a_Model VALUES(214,'$5577.26','Nissan Altima');
INSERT INTO a_Model VALUES(215,'$9350.37','1984 Toyota Tercel Hatchback');
INSERT INTO a_Model VALUES(216,'$7979.82','Ford Mustang');
INSERT INTO a_Model VALUES(217,'$1917.81','John Deer Classic Green Tractor');
INSERT INTO a_Model VALUES(218,'$4688.97','Cadillac Enterage');
INSERT INTO a_Model VALUES(219,'$1707.63','Volkswagon Beetle');
INSERT INTO a_Model VALUES(220,'$4829.64','BMW M3');
INSERT INTO a_Model VALUES(221,'$6109.00','Tesla Model S');
INSERT INTO a_Model VALUES(222,'$2345.69','Winnebago: Space Balls Edition');

/**
 * a_ReasonReturned
 */
INSERT INTO a_ReasonReturned VALUES('Buyer''s Remorse');
INSERT INTO a_ReasonReturned VALUES('Accidentally purchased wrong item/model');
INSERT INTO a_ReasonReturned VALUES('Distributor gave/sent wrong item/model');
INSERT INTO a_ReasonReturned VALUES('Product malfunctions');
INSERT INTO a_ReasonReturned VALUES('Quality did not meet expectations');
INSERT INTO a_ReasonReturned VALUES('New, desired feauture released shortly after original purchase');
INSERT INTO a_ReasonReturned VALUES('Product did not match description');
INSERT INTO a_ReasonReturned VALUES('Product too dangerous to operate safely');
INSERT INTO a_ReasonReturned VALUES('No Reason');
INSERT INTO a_ReasonReturned VALUES('Other');


/**
 * a_Unit
 */
INSERT INTO a_Unit VALUES(1234567,212,'Jun 6, 2015');
INSERT INTO a_Unit VALUES(1234572,221,'Sep 27, 2014');
INSERT INTO a_Unit VALUES(1234577,220,'Dec 27, 2014');
INSERT INTO a_Unit VALUES(1234582,219,'Aug 19, 2015');
INSERT INTO a_Unit VALUES(1234587,218,'Mar 19, 2015');
INSERT INTO a_Unit VALUES(1234592,217, 'Oct 6, 2015');
INSERT INTO a_Unit VALUES(1234597,216, 'Sep 19, 2014');
INSERT INTO a_Unit VALUES(1234602,222, 'Feb 8, 2016');
INSERT INTO a_Unit VALUES(1234607,214, 'Dec 5, 2015');
INSERT INTO a_Unit VALUES(1234612,213,'Feb 21, 2015');
INSERT INTO a_Unit VALUES(1234617,212, 'Nov 28, 2015');
INSERT INTO a_Unit VALUES(1234622,221, 'Apr 11, 2015');
INSERT INTO a_Unit VALUES(1234627,220, 'Jan 9, 2016');
INSERT INTO a_Unit VALUES(1234632,219, 'Jun 23, 2014');
INSERT INTO a_Unit VALUES(1234637,218, 'Nov 25, 2014');
INSERT INTO a_Unit VALUES(1234642,217, 'Nov 6, 2014');
INSERT INTO a_Unit VALUES(1234647,216, 'Feb 6, 2016');
INSERT INTO a_Unit VALUES(1234652,222, 'Feb 22, 2016');
INSERT INTO a_Unit VALUES(1234657,214, 'Jan 17, 2015');
INSERT INTO a_Unit VALUES(1234662,213,'Feb 28, 2016');
INSERT INTO a_Unit VALUES(1234667,212, 'Mar 12, 2016');

/**
 * a_ReturnReasonSelection
*/

INSERT INTO a_ReturnReasonSelection VALUES(1234567,1,'The unit was too expensive for its quality. Poor craftsmanship, I want my money back!!!');
INSERT INTO a_ReturnReasonSelection VALUES(1234572,2,'Was drunk when purchased item wanted model 1984 Toyota Tercel Hatchback (good ol times in that vehicle).');
INSERT INTO a_ReturnReasonSelection VALUES(1234577,3,'What were you people thinking, thanks to you my son cried on his birthday.');
INSERT INTO a_ReturnReasonSelection VALUES(1234582,4,'The brakes went out, my kid almost died, how are you people still in business.');
INSERT INTO a_ReturnReasonSelection VALUES(1234587,5,'Seriously was this made in China?');
INSERT INTO a_ReturnReasonSelection VALUES(1234592,6,'Gosh I should have waited a month, sorry but want the new surroundsound in the mustang.');
INSERT INTO a_ReturnReasonSelection VALUES(1234597,7,'The picture was so much better than what it looks like in real life; you ever hear about bait and switch.');
INSERT INTO a_ReturnReasonSelection VALUES(1234602,8,'Ever hear about consumer safety?  The brakes went out.');
INSERT INTO a_ReturnReasonSelection VALUES(1234607,9,'Because I can.');
INSERT INTO a_ReturnReasonSelection VALUES(1234612,10,'Wife didn''t like the product');
INSERT INTO a_ReturnReasonSelection VALUES(1234617,1,'I should have gone with Chevy Impala to begin with, sorry.');
INSERT INTO a_ReturnReasonSelection VALUES(1234622,2,'I thought my child wanted the this model but it was suppose to be John Deer.');
INSERT INTO a_ReturnReasonSelection VALUES(1234627,3,'Wrong item people.');
INSERT INTO a_ReturnReasonSelection VALUES(1234632,4,'Car doesn''t work correctly');
INSERT INTO a_ReturnReasonSelection VALUES(1234637,5,'Paint chipped on left side.');
INSERT INTO a_ReturnReasonSelection VALUES(1234642,6,'Wanted the newer model of John Deer with the auto adjust seats and seat warmers.');
INSERT INTO a_ReturnReasonSelection VALUES(1234647,7,'Thought it would be more realistic than it was, sorry only the best works for little Timmy.');
INSERT INTO a_ReturnReasonSelection VALUES(1234652,8,'Goes way to fast for my little Sarah, she almost rolled her vehicle.');
INSERT INTO a_ReturnReasonSelection VALUES(1234657,9,'');
INSERT INTO a_ReturnReasonSelection VALUES(1234662,10,'The model sucks.');
INSERT INTO a_ReturnReasonSelection VALUES(1234667,1,'Just got layed off, need to trim the expenses.');
/**
 * a_IssueReportProblem
 */
INSERT INTO a_IssueReportProblem VALUES('Inadequate finish - toy does not look good');
INSERT INTO a_IssueReportProblem VALUES('Inadequate operation - toy does not operate correctly');
INSERT INTO a_IssueReportProblem VALUES('Poor operation - toy tips over during use');
INSERT INTO a_IssueReportProblem VALUES('Inadequate operation quality - toy broke during use');
INSERT INTO a_IssueReportProblem VALUES('Poor operation quality - toy hurt user');
INSERT INTO a_IssueReportProblem VALUES('Other');


/**
 * a_ReportMethod
 */
INSERT INTO a_ReportMethod VALUES('WebForm');
INSERT INTO a_ReportMethod VALUES('Phone');
INSERT INTO a_ReportMethod VALUES('Email');
INSERT INTO a_ReportMethod VALUES('Twitter');
INSERT INTO a_ReportMethod VALUES('Store');

/** NO WORKY BELOW THIS LINE **/

/**
 * a_IssueReport
 */
INSERT INTO a_IssueReport VALUES(1234567, 1231, NULL, NULL, 2, 'Wheels seem to turn at different speeds and without sufficient power.', 'May 19, 2013', 2, 0, 'None');
INSERT INTO a_IssueReport VALUES(1234572, NULL, 1035, NULL, 2, 'Wheels wobble.', 'Jun 6, 2015', 3, 0, 'None');
INSERT INTO a_IssueReport VALUES(1234577, NULL, NULL, 1496, 4, 'Axel snapped under child''s weight.', 'Mar 4, 2015', 4, 0, 'None');
INSERT INTO a_IssueReport VALUES(1234582, 1261, NULL, NULL, 1, 'Paint is chipping.', 'Apr 1, 2015', 1, 0, 'None');
INSERT INTO a_IssueReport VALUES(1234587, NULL, 1021, NULL, 2, 'Back-up lights don''t work.', 'Aug 22, 2014', 2, 0, 'None');
INSERT INTO a_IssueReport VALUES(1234592, NULL, NULL, 1496, 5, 'Ignition is unreliable.', 'Sep 14, 2014', 5, 1, 'Minor electrocution.');
INSERT INTO a_IssueReport VALUES(1234597, 1249, NULL, NULL, 5, 'Brakes slip.', 'Dec 26, 2013', 2, 0, 'None');
INSERT INTO a_IssueReport VALUES(1234602, NULL, 1028, NULL, 2, 'Gas pedal doesn''t work very well.', 'Dec 27, 2014', 2, 0, 'None');
INSERT INTO a_IssueReport VALUES(1234607, NULL, NULL, 1188, 2, 'The vehicle/toy does not seem to be functional.', 'Dec 28, 2014', 4, 0, 'None');
INSERT INTO a_IssueReport VALUES(1234612, 1252, NULL, NULL, 6, 'There is smoke coming from the back of the vehicle.', 'Jan 3, 2015', 5, 0, 'None');
INSERT INTO a_IssueReport VALUES(1234617, NULL, 1105, NULL, 2, 'Wheels are crooked.', 'Feb 28, 2013', 3, 0, 'None');
INSERT INTO a_IssueReport VALUES(1234652, NULL, 1105, NULL, 2, 'What''s the matter with this thing, what''s all that churnning and bubbling, you call that radar screen?', 'July 4, 1987', 5, 0, 'None');


/**
 * a_TestForm
 */
INSERT INTO a_TestForm VALUES( NULL, 1, 1000, '10 point inspection','Obvious Axel broken','Axel Broken', 'Replace Axel', 'May 19, 2013');
INSERT INTO a_TestForm VALUES(NULL, 4, 1007, 'Detailed scoping','Physical Test','Need further Testing, seems to be cosmetic and not operational issue', 'Open another test query', 'Apr 1, 2015');
INSERT INTO a_TestForm VALUES( NULL, 3, 1014, 'Visual Inspection','Obvious Axel broken','Axel Broken', 'Replace Axel', NULL);
INSERT INTO a_TestForm VALUES( NULL, 5, 1021, 'Operational','Throw it in reverse','back up light does not work', 'Replace light', 'Aug 23, 2014');
INSERT INTO a_TestForm VALUES( NULL, 7, 1028, 'Simulated Test','Used Computer Simulation','brake fails on water', 'Fix brakes', NULL);
INSERT INTO a_TestForm VALUES( NULL, 8, 1035, 'Acceleration Test','Physical Test','acceleration does not occur, pedal issues', 'Replace pedal', 'Dec 27, 2014');
INSERT INTO a_TestForm VALUES( NULL, 9, 1042, 'No Test','Did Not Complete Test','Customer did not explain problem', 'Tell customer no problem', 'Dec 28, 2014');
INSERT INTO a_TestForm VALUES( NULL, 2, 1049, 'Physical Test','Manually jiggle the wheel','Left wheel wobbles', 'Replace Wheel', 'Jun 6, 2015');
INSERT INTO a_TestForm VALUES( NULL, 10, 1056, 'Regulatory Standards Test','Ran Smog Test','too much smog', 'Issue refund to customer, unit cant be fixed', 'Jan 3, 2015');
INSERT INTO a_TestForm VALUES( NULL, 11, 1056, 'Operational','Test it on alignment Machine 2000X','alignment seems off', 'Re-align the vehicle', 'Feb 28, 2013');
INSERT INTO a_TestForm VALUES( 2, 4, 1063, 'Non Operational','Did Alignment Test','Everything works but the axel just seems bent', 'Either replace the axcel or give the customer a discount', 'Apr 1, 2015');

