Device Name:         NVS 5400M,,,,,,,,,,,,,,,,,,,,,,,,
Cuda Version:        2.1,,,,,,,,,,,,,,,,,,,,,,,,
Multiprocessors:     2,,,,,,,,,,,,,,,,,,,,,,,,
Clock Rate:          950 mHz,,,,,,,,,,,,,,,,,,,,,,,,
Total Global Memory: 1073 MB,,,,,,,,,,,,,,,,,,,,,,,,
Warp Size:           32,,,,,,,,,,,,,,,,,,,,,,,,
Max Threads/Block:   1024,,,,,,,,,,,,,,,,,,,,,,,,
Max Threads-Dim:     1024 x 1024 x 64,,,,,,,,,,,,,,,,,,,,,,,,
Max Grid Size:       65535 x 65535 x 65535,,,,,,,,,,,,,,,,,,,,,,,,
Size per element:    4 bytes,,,,,,,,,,,,,,,,,,,,,,,,
,,,,,,,,,,,,,,,,,,,,,,,,
10000000,2739.95,2777.03,1,1,Striding,Success,,,1,3,7,15,31,63,127,255,511,1023,2047,4095,8191,16383,32767,65535
10000000,1387.37,1418.04,1,2,Striding,Success,,1,2777.03,949.332,468.751,312.525,432.459,440.343,437.147,435.076,434.782,431.159,430.165,434.298,434.171,435.138,437.631,297.365
10000000,753.364,783.765,1,4,Striding,Success,,2,1418.04,549.069,311.019,232.943,236.916,232.817,233.946,233.327,232.548,229.205,230.772,229.387,231.459,235.85,191.11,167.081
10000000,437.485,468.7,1,8,Striding,Success,,4,783.765,314.971,232.712,131.937,134.203,132.263,132.817,131.73,132.275,130.067,132.101,132.975,133.77,132.094,98.9438,97.182
10000000,279.026,307.284,1,16,Striding,Success,,8,468.7,233.731,129.462,80.3164,79.5603,79.7911,82.3901,82.0346,79.3994,82.1617,80.6964,80.6434,81.6688,76.9768,67.8482,64.926
10000000,201.936,231.973,1,32,Striding,Success,,16,307.284,140.217,83.7488,55.7056,57.875,57.5783,57.245,57.3968,57.2409,54.3119,58.393,57.2633,57.4886,55.5447,52.6196,54.6655
10000000,100.333,132.032,1,64,Striding,Success,,32,231.973,98.0812,60.8745,45.1669,45.0953,44.9361,44.8076,40.729,44.74,44.8843,44.8004,42.8657,44.8871,44.992,42.7303,42.474
10000000,50.0804,77.9061,1,128,Striding,Success,,64,132.032,61.928,46.0406,36.0461,39.3181,37.5214,40.1821,39.1554,39.1924,37.4496,39.0332,38.9176,39.1744,39.2814,36.3248,37.1518
10000000,25.4857,57.313,1,256,Striding,Success,,128,77.9061,48.6692,39.553,34.2674,36.7707,36.7706,36.5634,34.3462,34.8804,33.6712,36.8581,37.1201,33.4855,36.7337,34.2837,37.7939
10000000,13.0696,42.3072,1,512,Striding,Success,,256,57.313,40.5382,34.5724,37.3218,32.844,36.7683,36.8228,36.5886,36.4556,36.3915,33.6725,33.2376,33.4268,36.1893,37.2281,37.0136
10000000,7.62294,39.2332,1,1024,Striding,Success,,512,42.3072,37.3316,36.3657,35.3047,36.7692,35.1463,36.5746,33.1732,32.9171,35.9389,34.449,33.3021,36.586,37.3484,39.4344,42.7129
10000000,919.845,949.332,3,1,Striding,Success,,1024,39.2332,36.3805,36.8623,35.4036,36.7772,36.6936,35.4729,36.6936,32.5943,34.9419,37.864,34.7494,39.144,45.3989,49.2902,68.6274
10000000,517.295,549.069,3,2,Striding,Success,,,,,,,,,,,,,,,,,,
10000000,283.796,314.971,3,4,Striding,Success,,,1,3,7,15,31,63,127,255,511,1023,2047,4095,8191,16383,32767,65535
10000000,202.085,233.731,3,8,Striding,Success,,1,2739.95,919.845,439.868,281.009,403.882,408.857,405.468,403.538,403.028,402.558,402.782,402.781,403.166,405.503,405.868,267.841
10000000,109.254,140.217,3,16,Striding,Success,,2,1387.37,517.295,279.331,202.12,207.52,203.958,202.28,201.576,201.215,201.214,201.207,201.563,202.611,204.197,160.395,136.8
10000000,67.1446,98.0812,3,32,Striding,Success,,4,753.364,283.796,200.986,101.249,103.562,101.83,101.134,100.737,100.605,100.541,100.825,101.31,102.078,100.451,67.2208,67.7985
10000000,33.7582,61.928,3,64,Striding,Success,,8,437.485,202.085,100.979,50.4361,51.7523,50.9747,50.6478,50.3858,50.3891,50.474,50.6652,51.0411,51.138,45.2122,37.7308,36.4623
10000000,17.0169,48.6692,3,128,Striding,Success,,16,279.026,109.254,52.1062,26.1695,26.1699,25.7873,25.5528,25.5155,25.5111,25.5587,25.6583,25.6827,25.8085,23.9746,22.1166,23.0989
10000000,9.11261,40.5382,3,256,Striding,Success,,32,201.936,67.1446,29.0652,13.7435,13.3638,13.116,13.0841,13.1611,13.1597,13.1388,13.1633,13.2023,13.2198,13.4491,13.9131,14.7012
10000000,5.86266,37.3316,3,512,Striding,Success,,64,100.333,33.7582,14.6516,7.63331,7.50637,7.39763,7.40022,7.40061,7.40026,7.38848,7.42067,7.37622,7.5783,7.59642,7.87411,8.68691
10000000,5.89856,36.3805,3,1024,Striding,Success,,128,50.0804,17.0169,8.02147,5.18179,5.09264,5.08109,5.10931,5.06768,5.03594,5.03478,5.0471,4.98243,5.05482,5.15158,5.36029,6.11085
10000000,439.868,468.751,7,1,Striding,Success,,256,25.4857,9.11261,5.30515,5.74234,5.06522,5.11178,5.14685,4.91315,4.8351,4.80448,4.82854,4.73424,4.70061,4.72614,5.55306,8.24874
10000000,279.331,311.019,7,2,Striding,Success,,512,13.0696,5.86266,6.05798,5.10502,5.18445,4.98637,5.06874,4.83427,4.78682,4.77072,4.74765,4.7321,4.8993,5.70058,8.39904,14.2821
10000000,200.986,232.712,7,4,Striding,Success,,1024,7.62294,5.89856,5.35677,5.13309,5.0712,5.02406,5.0441,5.09184,5.23987,5.48765,5.96675,7.41834,9.68067,13.6994,21.4132,37.0557
10000000,100.979,129.462,7,8,Striding,Success,,,,,,,,,,,,,,,,,,
10000000,52.1062,83.7488,7,16,Striding,Success,,,,,,,,,,,,,,,,,,
10000000,29.0652,60.8745,7,32,Striding,Success,,,1,3,7,15,31,63,127,255,511,1023,2047,4095,8191,16383,32767,65535
10000000,14.6516,46.0406,7,64,Striding,Success,,1,0.011163005,0.03265454,0.066133192,0.099192065,0.071683096,0.070399666,0.070914361,0.071251919,0.0713001,0.07189923,0.07206537,0.07137956,0.071400439,0.071241767,0.070835933,0.104248987
10000000,8.02147,39.553,7,128,Striding,Success,,2,0.02186116,0.056459206,0.099672367,0.133079766,0.130848064,0.133151789,0.132509212,0.132860749,0.133305812,0.135250104,0.134331721,0.135142794,0.133933008,0.131439474,0.162210245,0.185538751
10000000,5.30515,34.5724,7,256,Striding,Success,,4,0.039552672,0.098421759,0.133211867,0.234960625,0.230993346,0.234381497,0.233403856,0.235329841,0.234360234,0.238338702,0.234668928,0.233126528,0.231741048,0.234681363,0.313309171,0.318989113
10000000,6.05798,36.3657,7,512,Striding,Success,,8,0.066140388,0.132631102,0.239452503,0.385973475,0.389641567,0.388514509,0.376258798,0.37788933,0.390431162,0.377304754,0.384155923,0.384408395,0.379581921,0.402718741,0.45690232,0.477466654
10000000,5.35677,36.8623,7,1024,Striding,Success,,16,0.100883873,0.221085888,0.370154557,0.556497013,0.535637149,0.538397278,0.541532012,0.540099797,0.5415708,0.570777307,0.530885551,0.541358951,0.539237344,0.558109055,0.589134087,0.567085273
10000000,281.009,312.525,15,1,Striding,Success,,32,0.133636242,0.316064648,0.509244429,0.686343318,0.687433058,0.689868502,0.691846919,0.761128434,0.692892266,0.690664664,0.691958108,0.723188937,0.690621582,0.68901138,0.725480514,0.729858266
10000000,202.12,232.943,15,2,Striding,Success,,64,0.234791566,0.50058132,0.673318766,0.860009821,0.788440947,0.826195185,0.771487802,0.791717107,0.790969678,0.827779202,0.79419571,0.796554772,0.791333116,0.789177575,0.853411443,0.834414483
10000000,101.249,131.937,15,4,Striding,Success,,128,0.397914926,0.636953145,0.783758501,0.9046499,0.843062547,0.84306484,0.847842378,0.902574375,0.888751276,0.920668108,0.84106343,0.835127061,0.925773842,0.843911721,0.90421979,0.820238187
10000000,50.4361,80.3164,15,8,Striding,Success,,256,0.540889502,0.764710816,0.896669019,0.830613743,0.943855803,0.843117577,0.841869711,0.847258436,0.850349466,0.851847272,0.920632564,0.932678653,0.927399572,0.856606787,0.832704328,0.837529989
10000000,26.1695,55.7056,15,16,Striding,Success,,512,0.732735799,0.830395697,0.852451623,0.878070059,0.84309694,0.882027411,0.847582749,0.934489287,0.941759754,0.862575093,0.899880983,0.930872227,0.847318646,0.83002217,0.786115676,0.725776054
10000000,13.7435,45.1669,15,32,Striding,Success,,1024,0.79014712,0.852104836,0.840967601,0.875617169,0.842913544,0.844833976,0.87390656,0.844833976,0.95108654,0.887187016,0.818719628,0.892101734,0.79194768,0.682835928,0.628928266,0.451714621
10000000,7.63331,36.0461,15,64,Striding,Success,,,,,,,,,,,,,,,,,,
10000000,5.18179,34.2674,15,128,Striding,Success,,,,,,,,,,,,,,,,,,
10000000,5.74234,37.3218,15,256,Striding,Success,,,1,3,7,15,31,63,127,255,511,1023,2047,4095,8191,16383,32767,65535
10000000,5.10502,35.3047,15,512,Striding,Success,,1,0.011314075,0.03370133,0.070475688,0.110316751,0.076755092,0.075821131,0.076454862,0.076820522,0.076917733,0.077007537,0.07696471,0.076964902,0.076891405,0.076448263,0.076379513,0.115740309
10000000,5.13309,35.4036,15,1024,Striding,Success,,2,0.022344436,0.059927121,0.110979447,0.153374233,0.149383192,0.151992077,0.153252917,0.153788149,0.154064061,0.154064827,0.154070186,0.153798068,0.153002552,0.151814179,0.193272858,0.226608187
10000000,403.882,432.459,31,1,Striding,Success,,4,0.041148767,0.109233393,0.154239599,0.306175863,0.299337595,0.30442895,0.306524018,0.307732015,0.308135779,0.308331924,0.307463427,0.305991511,0.303689336,0.308608177,0.461166782,0.457237255
10000000,207.52,236.916,31,2,Striding,Success,,8,0.070859572,0.153400797,0.306994524,0.614639118,0.599007194,0.608144825,0.612070021,0.61525271,0.615212417,0.614177596,0.611859817,0.607353682,0.606202824,0.685655642,0.821609931,0.850193213
10000000,103.562,134.203,31,4,Striding,Success,,16,0.111100758,0.283742472,0.594938798,1.184585109,1.184567003,1.20214214,1.21317429,1.214947777,1.215157324,1.21289424,1.208186045,1.207038201,1.201154658,1.293035129,1.4016621,1.342055249
10000000,51.7523,79.5603,31,8,Striding,Success,,32,0.153513985,0.461690143,1.066567579,2.255611744,2.319699487,2.363525465,2.369287914,2.355426218,2.355676801,2.359423996,2.355032553,2.348075714,2.344967397,2.304986951,2.228115948,2.108671401
10000000,26.1699,57.875,31,16,Striding,Success,,64,0.308971126,0.918295407,2.115809877,4.061147785,4.129825735,4.190531292,4.189064649,4.188843893,4.189042007,4.195720906,4.177520359,4.202694605,4.090627186,4.080869673,3.936952875,3.56858768
10000000,13.3638,45.0953,31,32,Striding,Success,,128,0.619004641,1.821718409,3.864628304,5.982488677,6.087216061,6.10105312,6.067355475,6.117197613,6.155752451,6.15717072,6.142141031,6.221863629,6.132760415,6.017571308,5.783269189,5.072944026
10000000,7.50637,39.3181,31,64,Striding,Success,,256,1.216368395,3.401879374,5.843378604,5.398496083,6.120168522,6.064423743,6.023101509,6.309597712,6.411449608,6.452311176,6.420160131,6.548041502,6.594888748,6.559264008,5.582507662,3.75814973
10000000,5.09264,36.7707,31,128,Striding,Success,,512,2.371916509,5.287702169,5.11721729,6.072454173,5.979419225,6.216947399,6.115918354,6.412550395,6.476115668,6.497970956,6.529546197,6.551002726,6.327434531,5.438043146,3.690898007,2.170549149
10000000,5.06522,32.844,31,256,Striding,Success,,1024,4.066672439,5.255519991,5.787069447,6.039247315,6.11295157,6.170308476,6.145794096,6.088172448,5.91617731,5.649048318,5.195458164,4.178832461,3.202257695,2.262872827,1.447705154,0.836578448
10000000,5.18445,36.7692,31,512,Striding,Success,,,,,,,,,,,,,,,,,,
10000000,5.0712,36.7772,31,1024,Striding,Success,,,,,,,,,,,,,,,,,,
10000000,408.857,440.343,63,1,Striding,Success,,,,,,,,,,,,,,,,,,
10000000,203.958,232.817,63,2,Striding,Success,,,,,,,,,,,,,,,,,,
10000000,101.83,132.263,63,4,Striding,Success,,,,,,,,,,,,,,,,,,
10000000,50.9747,79.7911,63,8,Striding,Success,,,,,,,,,,,,,,,,,,
10000000,25.7873,57.5783,63,16,Striding,Success,,,,,,,,,,,,,,,,,,
10000000,13.116,44.9361,63,32,Striding,Success,,,,,,,,,,,,,,,,,,
10000000,7.39763,37.5214,63,64,Striding,Success,,,,,,,,,,,,,,,,,,
10000000,5.08109,36.7706,63,128,Striding,Success,,,,,,,,,,,,,,,,,,
10000000,5.11178,36.7683,63,256,Striding,Success,,,,,,,,,,,,,,,,,,
10000000,4.98637,35.1463,63,512,Striding,Success,,,,,,,,,,,,,,,,,,
10000000,5.02406,36.6936,63,1024,Striding,Success,,,,,,,,,,,,,,,,,,
10000000,405.468,437.147,127,1,Striding,Success,,,,,,,,,,,,,,,,,,
10000000,202.28,233.946,127,2,Striding,Success,,,,,,,,,,,,,,,,,,
10000000,101.134,132.817,127,4,Striding,Success,,,,,,,,,,,,,,,,,,
10000000,50.6478,82.3901,127,8,Striding,Success,,,,,,,,,,,,,,,,,,
10000000,25.5528,57.245,127,16,Striding,Success,,,,,,,,,,,,,,,,,,
10000000,13.0841,44.8076,127,32,Striding,Success,,,,,,,,,,,,,,,,,,
10000000,7.40022,40.1821,127,64,Striding,Success,,,,,,,,,,,,,,,,,,
10000000,5.10931,36.5634,127,128,Striding,Success,,,,,,,,,,,,,,,,,,
10000000,5.14685,36.8228,127,256,Striding,Success,,,,,,,,,,,,,,,,,,
10000000,5.06874,36.5746,127,512,Striding,Success,,,,,,,,,,,,,,,,,,
10000000,5.0441,35.4729,127,1024,Striding,Success,,,,,,,,,,,,,,,,,,
10000000,403.538,435.076,255,1,Striding,Success,,,,,,,,,,,,,,,,,,
10000000,201.576,233.327,255,2,Striding,Success,,,,,,,,,,,,,,,,,,
10000000,100.737,131.73,255,4,Striding,Success,,,,,,,,,,,,,,,,,,
10000000,50.3858,82.0346,255,8,Striding,Success,,,,,,,,,,,,,,,,,,
10000000,25.5155,57.3968,255,16,Striding,Success,,,,,,,,,,,,,,,,,,
10000000,13.1611,40.729,255,32,Striding,Success,,,,,,,,,,,,,,,,,,
10000000,7.40061,39.1554,255,64,Striding,Success,,,,,,,,,,,,,,,,,,
10000000,5.06768,34.3462,255,128,Striding,Success,,,,,,,,,,,,,,,,,,
10000000,4.91315,36.5886,255,256,Striding,Success,,,,,,,,,,,,,,,,,,
10000000,4.83427,33.1732,255,512,Striding,Success,,,,,,,,,,,,,,,,,,
10000000,5.09184,36.6936,255,1024,Striding,Success,,,,,,,,,,,,,,,,,,
10000000,403.028,434.782,511,1,Striding,Success,,,,,,,,,,,,,,,,,,
10000000,201.215,232.548,511,2,Striding,Success,,,,,,,,,,,,,,,,,,
10000000,100.605,132.275,511,4,Striding,Success,,,,,,,,,,,,,,,,,,
10000000,50.3891,79.3994,511,8,Striding,Success,,,,,,,,,,,,,,,,,,
10000000,25.5111,57.2409,511,16,Striding,Success,,,,,,,,,,,,,,,,,,
10000000,13.1597,44.74,511,32,Striding,Success,,,,,,,,,,,,,,,,,,
10000000,7.40026,39.1924,511,64,Striding,Success,,,,,,,,,,,,,,,,,,
10000000,5.03594,34.8804,511,128,Striding,Success,,,,,,,,,,,,,,,,,,
10000000,4.8351,36.4556,511,256,Striding,Success,,,,,,,,,,,,,,,,,,
10000000,4.78682,32.9171,511,512,Striding,Success,,,,,,,,,,,,,,,,,,
10000000,5.23987,32.5943,511,1024,Striding,Success,,,,,,,,,,,,,,,,,,
10000000,402.558,431.159,1023,1,Striding,Success,,,,,,,,,,,,,,,,,,
10000000,201.214,229.205,1023,2,Striding,Success,,,,,,,,,,,,,,,,,,
10000000,100.541,130.067,1023,4,Striding,Success,,,,,,,,,,,,,,,,,,
10000000,50.474,82.1617,1023,8,Striding,Success,,,,,,,,,,,,,,,,,,
10000000,25.5587,54.3119,1023,16,Striding,Success,,,,,,,,,,,,,,,,,,
10000000,13.1388,44.8843,1023,32,Striding,Success,,,,,,,,,,,,,,,,,,
10000000,7.38848,37.4496,1023,64,Striding,Success,,,,,,,,,,,,,,,,,,
10000000,5.03478,33.6712,1023,128,Striding,Success,,,,,,,,,,,,,,,,,,
10000000,4.80448,36.3915,1023,256,Striding,Success,,,,,,,,,,,,,,,,,,
10000000,4.77072,35.9389,1023,512,Striding,Success,,,,,,,,,,,,,,,,,,
10000000,5.48765,34.9419,1023,1024,Striding,Success,,,,,,,,,,,,,,,,,,
10000000,402.782,430.165,2047,1,Striding,Success,,,,,,,,,,,,,,,,,,
10000000,201.207,230.772,2047,2,Striding,Success,,,,,,,,,,,,,,,,,,
10000000,100.825,132.101,2047,4,Striding,Success,,,,,,,,,,,,,,,,,,
10000000,50.6652,80.6964,2047,8,Striding,Success,,,,,,,,,,,,,,,,,,
10000000,25.6583,58.393,2047,16,Striding,Success,,,,,,,,,,,,,,,,,,
10000000,13.1633,44.8004,2047,32,Striding,Success,,,,,,,,,,,,,,,,,,
10000000,7.42067,39.0332,2047,64,Striding,Success,,,,,,,,,,,,,,,,,,
10000000,5.0471,36.8581,2047,128,Striding,Success,,,,,,,,,,,,,,,,,,
10000000,4.82854,33.6725,2047,256,Striding,Success,,,,,,,,,,,,,,,,,,
10000000,4.74765,34.449,2047,512,Striding,Success,,,,,,,,,,,,,,,,,,
10000000,5.96675,37.864,2047,1024,Striding,Success,,,,,,,,,,,,,,,,,,
10000000,402.781,434.298,4095,1,Striding,Success,,,,,,,,,,,,,,,,,,
10000000,201.563,229.387,4095,2,Striding,Success,,,,,,,,,,,,,,,,,,
10000000,101.31,132.975,4095,4,Striding,Success,,,,,,,,,,,,,,,,,,
10000000,51.0411,80.6434,4095,8,Striding,Success,,,,,,,,,,,,,,,,,,
10000000,25.6827,57.2633,4095,16,Striding,Success,,,,,,,,,,,,,,,,,,
10000000,13.2023,42.8657,4095,32,Striding,Success,,,,,,,,,,,,,,,,,,
10000000,7.37622,38.9176,4095,64,Striding,Success,,,,,,,,,,,,,,,,,,
10000000,4.98243,37.1201,4095,128,Striding,Success,,,,,,,,,,,,,,,,,,
10000000,4.73424,33.2376,4095,256,Striding,Success,,,,,,,,,,,,,,,,,,
10000000,4.7321,33.3021,4095,512,Striding,Success,,,,,,,,,,,,,,,,,,
10000000,7.41834,34.7494,4095,1024,Striding,Success,,,,,,,,,,,,,,,,,,
10000000,403.166,434.171,8191,1,Striding,Success,,,,,,,,,,,,,,,,,,
10000000,202.611,231.459,8191,2,Striding,Success,,,,,,,,,,,,,,,,,,
10000000,102.078,133.77,8191,4,Striding,Success,,,,,,,,,,,,,,,,,,
10000000,51.138,81.6688,8191,8,Striding,Success,,,,,,,,,,,,,,,,,,
10000000,25.8085,57.4886,8191,16,Striding,Success,,,,,,,,,,,,,,,,,,
10000000,13.2198,44.8871,8191,32,Striding,Success,,,,,,,,,,,,,,,,,,
10000000,7.5783,39.1744,8191,64,Striding,Success,,,,,,,,,,,,,,,,,,
10000000,5.05482,33.4855,8191,128,Striding,Success,,,,,,,,,,,,,,,,,,
10000000,4.70061,33.4268,8191,256,Striding,Success,,,,,,,,,,,,,,,,,,
10000000,4.8993,36.586,8191,512,Striding,Success,,,,,,,,,,,,,,,,,,
10000000,9.68067,39.144,8191,1024,Striding,Success,,,,,,,,,,,,,,,,,,
10000000,405.503,435.138,16383,1,Striding,Success,,,,,,,,,,,,,,,,,,
10000000,204.197,235.85,16383,2,Striding,Success,,,,,,,,,,,,,,,,,,
10000000,100.451,132.094,16383,4,Striding,Success,,,,,,,,,,,,,,,,,,
10000000,45.2122,76.9768,16383,8,Striding,Success,,,,,,,,,,,,,,,,,,
10000000,23.9746,55.5447,16383,16,Striding,Success,,,,,,,,,,,,,,,,,,
10000000,13.4491,44.992,16383,32,Striding,Success,,,,,,,,,,,,,,,,,,
10000000,7.59642,39.2814,16383,64,Striding,Success,,,,,,,,,,,,,,,,,,
10000000,5.15158,36.7337,16383,128,Striding,Success,,,,,,,,,,,,,,,,,,
10000000,4.72614,36.1893,16383,256,Striding,Success,,,,,,,,,,,,,,,,,,
10000000,5.70058,37.3484,16383,512,Striding,Success,,,,,,,,,,,,,,,,,,
10000000,13.6994,45.3989,16383,1024,Striding,Success,,,,,,,,,,,,,,,,,,
10000000,405.868,437.631,32767,1,Striding,Success,,,,,,,,,,,,,,,,,,
10000000,160.395,191.11,32767,2,Striding,Success,,,,,,,,,,,,,,,,,,
10000000,67.2208,98.9438,32767,4,Striding,Success,,,,,,,,,,,,,,,,,,
10000000,37.7308,67.8482,32767,8,Striding,Success,,,,,,,,,,,,,,,,,,
10000000,22.1166,52.6196,32767,16,Striding,Success,,,,,,,,,,,,,,,,,,
10000000,13.9131,42.7303,32767,32,Striding,Success,,,,,,,,,,,,,,,,,,
10000000,7.87411,36.3248,32767,64,Striding,Success,,,,,,,,,,,,,,,,,,
10000000,5.36029,34.2837,32767,128,Striding,Success,,,,,,,,,,,,,,,,,,
10000000,5.55306,37.2281,32767,256,Striding,Success,,,,,,,,,,,,,,,,,,
10000000,8.39904,39.4344,32767,512,Striding,Success,,,,,,,,,,,,,,,,,,
10000000,21.4132,49.2902,32767,1024,Striding,Success,,,,,,,,,,,,,,,,,,
10000000,267.841,297.365,65535,1,Striding,Success,,,,,,,,,,,,,,,,,,
10000000,136.8,167.081,65535,2,Striding,Success,,,,,,,,,,,,,,,,,,
10000000,67.7985,97.182,65535,4,Striding,Success,,,,,,,,,,,,,,,,,,
10000000,36.4623,64.926,65535,8,Striding,Success,,,,,,,,,,,,,,,,,,
10000000,23.0989,54.6655,65535,16,Striding,Success,,,,,,,,,,,,,,,,,,
10000000,14.7012,42.474,65535,32,Striding,Success,,,,,,,,,,,,,,,,,,
10000000,8.68691,37.1518,65535,64,Striding,Success,,,,,,,,,,,,,,,,,,
10000000,6.11085,37.7939,65535,128,Striding,Success,,,,,,,,,,,,,,,,,,
10000000,8.24874,37.0136,65535,256,Striding,Success,,,,,,,,,,,,,,,,,,
10000000,14.2821,42.7129,65535,512,Striding,Success,,,,,,,,,,,,,,,,,,
10000000,37.0557,68.6274,65535,1024,Striding,Success,,,,,,,,,,,,,,,,,,
,,,,,,,,,,,,,,,,,,,,,,,,
,,,,,,,,,,,,,,,,,,,,,,,,
10000000,2605.07,2636.91,1,1,Interval,Success,,,1,3,7,15,31,63,127,255,511,1023,2047,4095,8191,16383,32767,65535
10000000,1553.04,1584.86,1,2,Interval,Success,,1,2605.07,868.34,374.459,179.791,173.693,171.294,169.646,168.915,168.294,168.04,167.447,167.387,167.293,167.676,169.249,172.316
10000000,1024.72,1056.44,1,4,Interval,Success,,2,1553.04,537.037,233.924,116.841,111.31,110.114,108.879,109.104,107.621,107.262,107.025,106.13,106.084,106.069,108.559,107.873
10000000,887.398,919.556,1,8,Interval,Success,,4,1024.72,368.301,164.635,89.432,86.1055,82.5564,81.0293,82.5434,80.2675,79.7804,79.0283,77.9499,77.3079,76.0776,76.1329,73.2515
10000000,824.081,851.439,1,16,Interval,Success,,8,887.398,319.797,147.18,75.2929,76.2986,70.8496,70.0185,69.694,69.9019,69.2373,69.3254,69.1972,68.2041,67.7628,66.7266,45.515
10000000,797.315,827.828,1,32,Interval,Success,,16,824.081,296.126,130.825,68.4623,68.5117,64.9675,64.9872,64.4774,64.4763,65.3433,64.4113,64.936,64.8567,65.187,40.6665,26.1401
10000000,409.217,440.875,1,64,Interval,Success,,32,797.315,272.844,119.505,116.854,113.841,123.329,116.491,117.809,117.689,115.967,115.127,102.483,98.5297,38.4753,21.6171,16.8547
10000000,209.601,241.212,1,128,Interval,Success,,64,409.217,139.331,107.703,136.438,136.168,137.136,134.953,137.355,139.213,137.88,127.593,121.293,65.5765,16.9908,10.0639,11.4329
10000000,115.892,143.95,1,256,Interval,Success,,128,209.601,88.1283,135.127,137.033,136.746,137.089,137.427,137.515,136.964,130.912,123.519,74.9665,31.0308,9.32544,7.88243,13.1044
10000000,130.965,161.42,1,512,Interval,Success,,256,115.892,127.243,135.817,137.416,135.568,135.664,135.946,136.58,132.592,124.52,76.0953,37.6706,10.2344,8.15782,13.1474,24.7309
10000000,169.491,197.362,1,1024,Interval,Success,,512,130.965,142.856,137.253,135.773,136.088,135.066,136.557,133.195,124.495,76.1393,37.3052,10.5404,8.17728,13.1667,24.7377,46.1168
10000000,868.34,899.989,3,1,Interval,Success,,1024,169.491,148.048,138.046,136.44,136.28,134.297,134.279,124.153,75.6789,31.5724,12.4002,11.3436,17.0416,29.9489,53.5041,100.812
10000000,537.037,568.776,3,2,Interval,Success,,,,,,,,,,,,,,,,,,
10000000,368.301,399.678,3,4,Interval,Success,,,,,,,,,,,,,,,,,,
10000000,319.797,351.549,3,8,Interval,Success,,,1,3,7,15,31,63,127,255,511,1023,2047,4095,8191,16383,32767,65535
10000000,296.126,326.186,3,16,Interval,Success,,1,2636.91,899.989,405.419,211.566,205.326,199.136,198.422,200.619,199.238,199.608,199.137,199.025,196.802,198.471,201.044,203.764
10000000,272.844,302.345,3,32,Interval,Success,,2,1584.86,568.776,263.539,145.463,141.949,140.733,140.516,139.545,138.251,136.36,138.813,134.931,137.198,137.365,140.419,138.562
10000000,139.331,169.252,3,64,Interval,Success,,4,1056.44,399.678,193.146,120.315,115.477,113.965,111.989,114.23,109.482,110.338,110.673,109.568,107.916,104.577,106.29,101.779
10000000,88.1283,118.292,3,128,Interval,Success,,8,919.556,351.549,177.106,106.971,108.576,102.517,101.767,99.9067,101.568,99.717,98.8204,97.3147,98.3427,97.9121,97.2643,74.9358
10000000,127.243,158.853,3,256,Interval,Success,,16,851.439,326.186,159.785,97.2623,99.0521,96.6514,96.7858,96.1192,96.1788,94.1242,94.555,95.6085,96.4575,96.8856,72.4964,54.1214
10000000,142.856,174.66,3,512,Interval,Success,,32,827.828,302.345,151.071,147.129,145.564,153.5,148.087,148.366,147.857,146.608,145.308,132.778,130.145,66.3548,53.2255,44.4513
10000000,148.048,179.892,3,1024,Interval,Success,,64,440.875,169.252,139.303,166.956,165.308,168.89,164.059,166.661,167.733,169.189,157.061,152.988,97.6157,48.6617,38.9002,39.2868
10000000,374.459,405.419,7,1,Interval,Success,,128,241.212,118.292,164.653,168.676,168.526,167.303,167.609,169.202,168.511,162.377,153.702,106.631,62.6885,40.8994,39.5766,44.6898
10000000,233.924,263.539,7,2,Interval,Success,,256,143.95,158.853,164.702,167.258,167.261,165.818,164.834,168.237,164.313,155.592,107.76,69.2416,38.7527,39.7463,41.4659,56.3141
10000000,164.635,193.146,7,4,Interval,Success,,512,161.42,174.66,168.897,167.327,166.05,163.556,166.673,164.924,155.793,106.366,67.3439,40.295,39.8093,44.6825,54.5801,77.7759
10000000,147.18,177.106,7,8,Interval,Success,,1024,197.362,179.892,167.025,165.261,167.687,164.211,166.051,155.754,104.541,63.3006,44.1697,42.9494,45.5348,61.5365,81.9608,133.247
10000000,130.825,159.785,7,16,Interval,Success,,,,,,,,,,,,,,,,,,
10000000,119.505,151.071,7,32,Interval,Success,,,,,,,,,,,,,,,,,,
10000000,107.703,139.303,7,64,Interval,Success,,,1,3,7,15,31,63,127,255,511,1023,2047,4095,8191,16383,32767,65535
10000000,135.127,164.653,7,128,Interval,Success,,1,0.011899872,0.035700302,0.082786099,0.172422424,0.178475817,0.180975399,0.182733457,0.183524258,0.184201457,0.184479886,0.185133206,0.185199567,0.185303629,0.184880365,0.183162087,0.17990204
10000000,135.817,164.702,7,256,Interval,Success,,2,0.019960851,0.057724142,0.132521674,0.265317825,0.278501482,0.281526418,0.284719735,0.284132571,0.288047872,0.289011952,0.28965195,0.292094601,0.292221259,0.292262584,0.285559005,0.287374969
10000000,137.253,168.897,7,512,Interval,Success,,4,0.030252166,0.084170285,0.18829532,0.346632078,0.36002346,0.37550087,0.38257766,0.375560008,0.386208615,0.388566615,0.392264543,0.397691338,0.400993948,0.40747868,0.407182703,0.423199525
10000000,138.046,167.025,7,1024,Interval,Success,,8,0.034933592,0.096936494,0.210626444,0.411725408,0.406298412,0.437546578,0.442740133,0.444801561,0.443478647,0.447735541,0.447166551,0.447995006,0.45451813,0.457478144,0.46458234,0.681094145
10000000,179.791,211.566,15,1,Interval,Success,,16,0.037617661,0.104685168,0.236957768,0.452803952,0.45247746,0.477161658,0.477017013,0.480788617,0.48079682,0.474417423,0.481282011,0.477393126,0.477976832,0.475554942,0.762298206,1.185917422
10000000,116.841,145.463,15,2,Interval,Success,,32,0.038880493,0.113618038,0.259403372,0.265288308,0.272309625,0.251360183,0.266114979,0.263137791,0.263406096,0.267317427,0.269267852,0.302489193,0.314625945,0.805711716,1.434049896,1.839249586
10000000,89.432,120.315,15,4,Interval,Success,,64,0.075754429,0.222491764,0.287828566,0.227209428,0.227659949,0.226052969,0.229709603,0.225692549,0.222680353,0.224833188,0.242960037,0.255579465,0.472730323,1.824516797,3.080316776,2.71147303
10000000,75.2929,106.971,15,8,Interval,Success,,128,0.147900058,0.351759877,0.229413811,0.226222881,0.226697673,0.22613047,0.225574305,0.225429953,0.226336848,0.236800293,0.250973534,0.413518038,0.999007438,3.324239929,3.932797373,2.365617655
10000000,68.4623,97.2623,15,16,Interval,Success,,256,0.267490422,0.243628333,0.228248305,0.225592362,0.228667532,0.22850572,0.228031718,0.226973203,0.233799928,0.248955991,0.407383899,0.822922916,3.029000235,3.800034813,2.357880646,1.253492594
10000000,116.854,147.129,15,32,Interval,Success,,512,0.236704463,0.217001736,0.225860273,0.228322273,0.22779378,0.229517421,0.227011431,0.232741469,0.249005984,0.407148477,0.830983348,2.941064855,3.790991626,2.354424419,1.253148029,0.672206224
10000000,136.438,166.956,15,64,Interval,Success,,1024,0.182900567,0.209391549,0.224562827,0.227206098,0.22747285,0.230831664,0.230862607,0.249691912,0.409625404,0.981870241,2.499959678,2.732818506,1.819078021,1.035096448,0.57939485,0.307503075
10000000,137.033,168.676,15,128,Interval,Success,,,,,,,,,,,,,,,,,,
10000000,137.416,167.258,15,256,Interval,Success,,,,,,,,,,,,,,,,,,
10000000,135.773,167.327,15,512,Interval,Success,,,1,3,7,15,31,63,127,255,511,1023,2047,4095,8191,16383,32767,65535
10000000,136.44,165.261,15,1024,Interval,Success,,1,0.011756184,0.034444865,0.076464103,0.146526379,0.150979418,0.155672505,0.156232676,0.154521755,0.155592809,0.155304397,0.155671723,0.155759327,0.157518724,0.156194104,0.154195102,0.152136786
10000000,173.693,205.326,31,1,Interval,Success,,2,0.019560087,0.054503003,0.117629649,0.213112613,0.218388294,0.220275273,0.220615446,0.222150561,0.224229843,0.227339396,0.223322023,0.229747056,0.225950816,0.225676118,0.220767845,0.223726563
10000000,111.31,141.949,31,2,Interval,Success,,4,0.029343834,0.077562438,0.160500347,0.257656984,0.268451726,0.272013337,0.276812901,0.271382299,0.283151568,0.280954884,0.280104452,0.282929322,0.287260462,0.296432294,0.291654906,0.304581495
10000000,86.1055,115.477,31,4,Interval,Success,,8,0.033711922,0.088181164,0.175036419,0.28979817,0.285514294,0.302388872,0.30461741,0.3102895,0.305214241,0.31087979,0.31370041,0.318554134,0.315224211,0.316610511,0.318719201,0.41368745
10000000,76.2986,108.576,31,8,Interval,Success,,16,0.03640895,0.095037801,0.194010702,0.318725755,0.312966611,0.32074031,0.320294919,0.322516209,0.322316352,0.329352069,0.327851515,0.324238954,0.321385066,0.31996499,0.42760744,0.572786365
10000000,68.5117,99.0521,31,16,Interval,Success,,32,0.037447392,0.102531876,0.205201528,0.210699454,0.212964744,0.201954397,0.209336404,0.20894275,0.209662038,0.211448216,0.21333994,0.233472413,0.238195858,0.467185494,0.582427596,0.697392427
10000000,113.841,145.564,31,32,Interval,Success,,64,0.070314715,0.18315884,0.222536485,0.185677664,0.187528734,0.183551424,0.188956412,0.186006324,0.184817537,0.183227042,0.197375542,0.202630272,0.317571866,0.637051316,0.79691107,0.789069102
10000000,136.168,165.308,31,64,Interval,Success,,128,0.128517653,0.262063369,0.188274735,0.183784297,0.183947877,0.185292553,0.184954269,0.183212964,0.183964252,0.190913738,0.201688983,0.29072221,0.494508562,0.757957329,0.783291137,0.693670591
10000000,136.746,168.526,31,128,Interval,Success,,256,0.215352553,0.195148974,0.188218722,0.185342405,0.185339081,0.186951959,0.188067996,0.184263866,0.188664317,0.199239035,0.287676318,0.447707736,0.799944262,0.779946813,0.747602247,0.550483804
10000000,135.568,167.261,31,256,Interval,Success,,512,0.192045595,0.17748769,0.183543817,0.185265976,0.186690756,0.189537528,0.185992932,0.187965366,0.198981983,0.291446515,0.460323801,0.769326219,0.778712512,0.69378392,0.567972576,0.398581051
10000000,136.088,166.05,31,512,Interval,Success,,1024,0.157071777,0.172325618,0.185600958,0.187582067,0.184868237,0.188781507,0.186689631,0.199031807,0.296534374,0.489726796,0.701838591,0.721779582,0.680797983,0.503766058,0.378229593,0.232650641
10000000,136.28,167.687,31,1024,Interval,Success,,,,,,,,,,,,,,,,,,
10000000,171.294,199.136,63,1,Interval,Success,,,,,,,,,,,,,,,,,,
10000000,110.114,140.733,63,2,Interval,Success,,,,,,,,,,,,,,,,,,
10000000,82.5564,113.965,63,4,Interval,Success,,,,,,,,,,,,,,,,,,
10000000,70.8496,102.517,63,8,Interval,Success,,,,,,,,,,,,,,,,,,
10000000,64.9675,96.6514,63,16,Interval,Success,,,,,,,,,,,,,,,,,,
10000000,123.329,153.5,63,32,Interval,Success,,,,,,,,,,,,,,,,,,
10000000,137.136,168.89,63,64,Interval,Success,,,,,,,,,,,,,,,,,,
10000000,137.089,167.303,63,128,Interval,Success,,,,,,,,,,,,,,,,,,
10000000,135.664,165.818,63,256,Interval,Success,,,,,,,,,,,,,,,,,,
10000000,135.066,163.556,63,512,Interval,Success,,,,,,,,,,,,,,,,,,
10000000,134.297,164.211,63,1024,Interval,Success,,,,,,,,,,,,,,,,,,
10000000,169.646,198.422,127,1,Interval,Success,,,,,,,,,,,,,,,,,,
10000000,108.879,140.516,127,2,Interval,Success,,,,,,,,,,,,,,,,,,
10000000,81.0293,111.989,127,4,Interval,Success,,,,,,,,,,,,,,,,,,
10000000,70.0185,101.767,127,8,Interval,Success,,,,,,,,,,,,,,,,,,
10000000,64.9872,96.7858,127,16,Interval,Success,,,,,,,,,,,,,,,,,,
10000000,116.491,148.087,127,32,Interval,Success,,,,,,,,,,,,,,,,,,
10000000,134.953,164.059,127,64,Interval,Success,,,,,,,,,,,,,,,,,,
10000000,137.427,167.609,127,128,Interval,Success,,,,,,,,,,,,,,,,,,
10000000,135.946,164.834,127,256,Interval,Success,,,,,,,,,,,,,,,,,,
10000000,136.557,166.673,127,512,Interval,Success,,,,,,,,,,,,,,,,,,
10000000,134.279,166.051,127,1024,Interval,Success,,,,,,,,,,,,,,,,,,
10000000,168.915,200.619,255,1,Interval,Success,,,,,,,,,,,,,,,,,,
10000000,109.104,139.545,255,2,Interval,Success,,,,,,,,,,,,,,,,,,
10000000,82.5434,114.23,255,4,Interval,Success,,,,,,,,,,,,,,,,,,
10000000,69.694,99.9067,255,8,Interval,Success,,,,,,,,,,,,,,,,,,
10000000,64.4774,96.1192,255,16,Interval,Success,,,,,,,,,,,,,,,,,,
10000000,117.809,148.366,255,32,Interval,Success,,,,,,,,,,,,,,,,,,
10000000,137.355,166.661,255,64,Interval,Success,,,,,,,,,,,,,,,,,,
10000000,137.515,169.202,255,128,Interval,Success,,,,,,,,,,,,,,,,,,
10000000,136.58,168.237,255,256,Interval,Success,,,,,,,,,,,,,,,,,,
10000000,133.195,164.924,255,512,Interval,Success,,,,,,,,,,,,,,,,,,
10000000,124.153,155.754,255,1024,Interval,Success,,,,,,,,,,,,,,,,,,
10000000,168.294,199.238,511,1,Interval,Success,,,,,,,,,,,,,,,,,,
10000000,107.621,138.251,511,2,Interval,Success,,,,,,,,,,,,,,,,,,
10000000,80.2675,109.482,511,4,Interval,Success,,,,,,,,,,,,,,,,,,
10000000,69.9019,101.568,511,8,Interval,Success,,,,,,,,,,,,,,,,,,
10000000,64.4763,96.1788,511,16,Interval,Success,,,,,,,,,,,,,,,,,,
10000000,117.689,147.857,511,32,Interval,Success,,,,,,,,,,,,,,,,,,
10000000,139.213,167.733,511,64,Interval,Success,,,,,,,,,,,,,,,,,,
10000000,136.964,168.511,511,128,Interval,Success,,,,,,,,,,,,,,,,,,
10000000,132.592,164.313,511,256,Interval,Success,,,,,,,,,,,,,,,,,,
10000000,124.495,155.793,511,512,Interval,Success,,,,,,,,,,,,,,,,,,
10000000,75.6789,104.541,511,1024,Interval,Success,,,,,,,,,,,,,,,,,,
10000000,168.04,199.608,1023,1,Interval,Success,,,,,,,,,,,,,,,,,,
10000000,107.262,136.36,1023,2,Interval,Success,,,,,,,,,,,,,,,,,,
10000000,79.7804,110.338,1023,4,Interval,Success,,,,,,,,,,,,,,,,,,
10000000,69.2373,99.717,1023,8,Interval,Success,,,,,,,,,,,,,,,,,,
10000000,65.3433,94.1242,1023,16,Interval,Success,,,,,,,,,,,,,,,,,,
10000000,115.967,146.608,1023,32,Interval,Success,,,,,,,,,,,,,,,,,,
10000000,137.88,169.189,1023,64,Interval,Success,,,,,,,,,,,,,,,,,,
10000000,130.912,162.377,1023,128,Interval,Success,,,,,,,,,,,,,,,,,,
10000000,124.52,155.592,1023,256,Interval,Success,,,,,,,,,,,,,,,,,,
10000000,76.1393,106.366,1023,512,Interval,Success,,,,,,,,,,,,,,,,,,
10000000,31.5724,63.3006,1023,1024,Interval,Success,,,,,,,,,,,,,,,,,,
10000000,167.447,199.137,2047,1,Interval,Success,,,,,,,,,,,,,,,,,,
10000000,107.025,138.813,2047,2,Interval,Success,,,,,,,,,,,,,,,,,,
10000000,79.0283,110.673,2047,4,Interval,Success,,,,,,,,,,,,,,,,,,
10000000,69.3254,98.8204,2047,8,Interval,Success,,,,,,,,,,,,,,,,,,
10000000,64.4113,94.555,2047,16,Interval,Success,,,,,,,,,,,,,,,,,,
10000000,115.127,145.308,2047,32,Interval,Success,,,,,,,,,,,,,,,,,,
10000000,127.593,157.061,2047,64,Interval,Success,,,,,,,,,,,,,,,,,,
10000000,123.519,153.702,2047,128,Interval,Success,,,,,,,,,,,,,,,,,,
10000000,76.0953,107.76,2047,256,Interval,Success,,,,,,,,,,,,,,,,,,
10000000,37.3052,67.3439,2047,512,Interval,Success,,,,,,,,,,,,,,,,,,
10000000,12.4002,44.1697,2047,1024,Interval,Success,,,,,,,,,,,,,,,,,,
10000000,167.387,199.025,4095,1,Interval,Success,,,,,,,,,,,,,,,,,,
10000000,106.13,134.931,4095,2,Interval,Success,,,,,,,,,,,,,,,,,,
10000000,77.9499,109.568,4095,4,Interval,Success,,,,,,,,,,,,,,,,,,
10000000,69.1972,97.3147,4095,8,Interval,Success,,,,,,,,,,,,,,,,,,
10000000,64.936,95.6085,4095,16,Interval,Success,,,,,,,,,,,,,,,,,,
10000000,102.483,132.778,4095,32,Interval,Success,,,,,,,,,,,,,,,,,,
10000000,121.293,152.988,4095,64,Interval,Success,,,,,,,,,,,,,,,,,,
10000000,74.9665,106.631,4095,128,Interval,Success,,,,,,,,,,,,,,,,,,
10000000,37.6706,69.2416,4095,256,Interval,Success,,,,,,,,,,,,,,,,,,
10000000,10.5404,40.295,4095,512,Interval,Success,,,,,,,,,,,,,,,,,,
10000000,11.3436,42.9494,4095,1024,Interval,Success,,,,,,,,,,,,,,,,,,
10000000,167.293,196.802,8191,1,Interval,Success,,,,,,,,,,,,,,,,,,
10000000,106.084,137.198,8191,2,Interval,Success,,,,,,,,,,,,,,,,,,
10000000,77.3079,107.916,8191,4,Interval,Success,,,,,,,,,,,,,,,,,,
10000000,68.2041,98.3427,8191,8,Interval,Success,,,,,,,,,,,,,,,,,,
10000000,64.8567,96.4575,8191,16,Interval,Success,,,,,,,,,,,,,,,,,,
10000000,98.5297,130.145,8191,32,Interval,Success,,,,,,,,,,,,,,,,,,
10000000,65.5765,97.6157,8191,64,Interval,Success,,,,,,,,,,,,,,,,,,
10000000,31.0308,62.6885,8191,128,Interval,Success,,,,,,,,,,,,,,,,,,
10000000,10.2344,38.7527,8191,256,Interval,Success,,,,,,,,,,,,,,,,,,
10000000,8.17728,39.8093,8191,512,Interval,Success,,,,,,,,,,,,,,,,,,
10000000,17.0416,45.5348,8191,1024,Interval,Success,,,,,,,,,,,,,,,,,,
10000000,167.676,198.471,16383,1,Interval,Success,,,,,,,,,,,,,,,,,,
10000000,106.069,137.365,16383,2,Interval,Success,,,,,,,,,,,,,,,,,,
10000000,76.0776,104.577,16383,4,Interval,Success,,,,,,,,,,,,,,,,,,
10000000,67.7628,97.9121,16383,8,Interval,Success,,,,,,,,,,,,,,,,,,
10000000,65.187,96.8856,16383,16,Interval,Success,,,,,,,,,,,,,,,,,,
10000000,38.4753,66.3548,16383,32,Interval,Success,,,,,,,,,,,,,,,,,,
10000000,16.9908,48.6617,16383,64,Interval,Success,,,,,,,,,,,,,,,,,,
10000000,9.32544,40.8994,16383,128,Interval,Success,,,,,,,,,,,,,,,,,,
10000000,8.15782,39.7463,16383,256,Interval,Success,,,,,,,,,,,,,,,,,,
10000000,13.1667,44.6825,16383,512,Interval,Success,,,,,,,,,,,,,,,,,,
10000000,29.9489,61.5365,16383,1024,Interval,Success,,,,,,,,,,,,,,,,,,
10000000,169.249,201.044,32767,1,Interval,Success,,,,,,,,,,,,,,,,,,
10000000,108.559,140.419,32767,2,Interval,Success,,,,,,,,,,,,,,,,,,
10000000,76.1329,106.29,32767,4,Interval,Success,,,,,,,,,,,,,,,,,,
10000000,66.7266,97.2643,32767,8,Interval,Success,,,,,,,,,,,,,,,,,,
10000000,40.6665,72.4964,32767,16,Interval,Success,,,,,,,,,,,,,,,,,,
10000000,21.6171,53.2255,32767,32,Interval,Success,,,,,,,,,,,,,,,,,,
10000000,10.0639,38.9002,32767,64,Interval,Success,,,,,,,,,,,,,,,,,,
10000000,7.88243,39.5766,32767,128,Interval,Success,,,,,,,,,,,,,,,,,,
10000000,13.1474,41.4659,32767,256,Interval,Success,,,,,,,,,,,,,,,,,,
10000000,24.7377,54.5801,32767,512,Interval,Success,,,,,,,,,,,,,,,,,,
10000000,53.5041,81.9608,32767,1024,Interval,Success,,,,,,,,,,,,,,,,,,
10000000,172.316,203.764,65535,1,Interval,Success,,,,,,,,,,,,,,,,,,
10000000,107.873,138.562,65535,2,Interval,Success,,,,,,,,,,,,,,,,,,
10000000,73.2515,101.779,65535,4,Interval,Success,,,,,,,,,,,,,,,,,,
10000000,45.515,74.9358,65535,8,Interval,Success,,,,,,,,,,,,,,,,,,
10000000,26.1401,54.1214,65535,16,Interval,Success,,,,,,,,,,,,,,,,,,
10000000,16.8547,44.4513,65535,32,Interval,Success,,,,,,,,,,,,,,,,,,
10000000,11.4329,39.2868,65535,64,Interval,Success,,,,,,,,,,,,,,,,,,
10000000,13.1044,44.6898,65535,128,Interval,Success,,,,,,,,,,,,,,,,,,
10000000,24.7309,56.3141,65535,256,Interval,Success,,,,,,,,,,,,,,,,,,
10000000,46.1168,77.7759,65535,512,Interval,Success,,,,,,,,,,,,,,,,,,
10000000,100.812,133.247,65535,1024,Interval,Success,,,,,,,,,,,,,,,,,,
,,,,,,,,,,,,,,,,,,,,,,,,
,,,,,,,,,,,,,,,,,,,,,,,,
10000000,31,Success,,,,,,,,,,,,,,,,,,,,,,
