Time,,Accel,,,,Gyro,,,,Mag,,,,Orient,,,,Rot Vect,,
1417388404,3,-0.007,3.141,9.72,4,-0.027,0.001,-0.017,5,-37.74,-13.62,-42.36,81,208.766,-17.534,1.063,84,0.047,0.145,0.957
1417388404,3,0.152,3.005,9.38,4,-0.002,0.008,-0.014,5,-37.68,-13.62,-42.3,81,208.79,-17.532,0.982,84,0.046,0.146,0.957
1417388404,3,0.163,3.015,9.546,4,0,0.005,-0.024,5,-37.62,-13.62,-42.3,81,208.774,-17.618,1.033,84,0.047,0.146,0.957
1417388404,3,0.105,2.989,9.491,4,-0.015,-0.004,-0.024,5,-37.5,-13.56,-42.24,81,208.756,-17.629,1.094,84,0.047,0.146,0.957
1417388404,3,-0.014,3.027,9.473,4,-0.017,-0.006,-0.024,5,-37.44,-13.5,-42.18,81,208.751,-17.628,1.112,84,0.047,0.146,0.957
1417388404,3,0.092,3.006,9.512,4,-0.013,-0.004,-0.022,5,-37.44,-13.5,-42.18,81,208.778,-17.592,1.02,84,0.047,0.146,0.957
1417388404,3,0.199,3.117,9.473,4,-0.009,0.002,-0.028,5,-37.38,-13.44,-42.12,81,208.799,-17.591,0.946,84,0.046,0.146,0.957
1417388404,3,0.124,2.974,9.517,4,-0.009,-0.001,-0.032,5,-37.32,-13.44,-42.06,81,208.87,-17.642,0.939,84,0.046,0.146,0.957
1417388404,3,0.013,2.937,9.43,4,-0.029,-0.003,-0.021,5,-37.32,-13.38,-42.06,81,208.831,-17.669,1.071,84,0.047,0.146,0.957
1417388404,3,0.095,3.021,9.524,4,-0.019,-0.003,-0.027,5,-37.26,-13.32,-42,81,208.844,-17.629,1.025,84,0.047,0.146,0.957
1417388404,3,0.143,3.01,9.502,4,-0.015,0,-0.018,5,-37.26,-13.26,-42,81,208.868,-17.603,0.945,84,0.046,0.146,0.957
1417388404,3,0.124,3.018,9.505,4,-0.006,-0.001,-0.023,5,-37.2,-13.26,-41.94,81,208.85,-17.624,1.005,84,0.047,0.146,0.957
1417388405,3,0.088,2.993,9.5,4,-0.013,-0.002,-0.019,5,-37.08,-13.38,-41.94,81,208.834,-17.621,1.063,84,0.047,0.146,0.957
1417388405,3,0.075,3.021,9.51,4,-0.01,-0.003,-0.022,5,-37.26,-13.2,-41.94,81,208.836,-17.604,1.055,84,0.047,0.146,0.957
1417388405,3,0.102,2.992,9.508,4,-0.013,-0.002,-0.018,5,-37.26,-13.14,-42,81,208.839,-17.562,1.042,84,0.047,0.146,0.957
1417388405,3,0.098,3.002,9.494,4,-0.009,0.002,-0.02,5,-37.26,-13.02,-42,81,208.842,-17.544,1.034,84,0.047,0.145,0.957
1417388405,3,0.098,2.993,9.501,4,-0.007,-0.002,-0.021,5,-37.26,-12.96,-42.06,81,208.839,-17.521,1.045,84,0.047,0.145,0.957
1417388405,3,0.111,3.006,9.513,4,-0.006,-0.002,-0.022,5,-37.26,-12.84,-42.12,81,208.841,-17.518,1.036,84,0.047,0.145,0.957
1417388405,3,0.075,2.984,9.493,4,-0.01,-0.001,-0.02,5,-37.26,-12.78,-42.12,81,208.84,-17.506,1.04,84,0.047,0.145,0.957
1417388405,3,0.105,3.004,9.497,4,-0.008,-0.001,-0.017,5,-37.26,-12.66,-42.18,81,208.848,-17.524,1.011,84,0.046,0.145,0.957
1417388405,3,0.071,3.048,9.41,4,-0.008,-0.001,-0.014,5,-37.32,-12.6,-42.24,81,208.853,-17.524,0.993,84,0.046,0.145,0.957
1417388405,3,0.083,2.981,9.483,4,-0.011,-0.004,-0.02,5,-37.32,-12.54,-42.3,81,208.846,-17.52,1.018,84,0.046,0.145,0.957
1417388405,3,0.099,3.01,9.501,4,-0.008,-0.001,-0.018,5,-37.32,-12.42,-42.3,81,208.851,-17.524,1.002,84,0.046,0.145,0.957
1417388405,3,0.084,3.007,9.491,4,-0.01,-0.002,-0.02,5,-37.32,-12.36,-42.36,81,208.851,-17.512,1.003,84,0.046,0.145,0.957
1417388405,3,0.077,2.999,9.483,4,0.001,0.001,-0.022,5,-37.38,-12.3,-42.42,81,208.854,-17.535,0.993,84,0.046,0.145,0.957
1417388405,3,0.113,3.001,9.509,4,-0.013,-0.002,-0.022,5,-37.38,-12.24,-42.48,81,208.864,-17.563,0.958,84,0.046,0.146,0.957
1417388405,3,0.078,2.981,9.472,4,-0.013,-0.003,-0.019,5,-37.38,-12.18,-42.48,81,208.857,-17.573,0.982,84,0.046,0.146,0.957
1417388406,3,0.085,3.035,9.528,4,-0.008,-0.003,-0.026,5,-37.44,-12.12,-42.54,81,208.85,-17.552,1.006,84,0.046,0.146,0.957
1417388406,3,0.114,3.02,9.451,4,-0.009,-0.002,-0.018,5,-37.44,-12.06,-42.6,81,208.855,-17.552,0.989,84,0.046,0.146,0.957
1417388406,3,0.108,3.005,9.458,4,-0.011,-0.003,-0.023,5,-37.44,-12,-42.6,81,208.851,-17.551,1.001,84,0.046,0.146,0.957
1417388406,3,0.108,3.008,9.467,4,-0.011,-0.003,-0.021,5,-37.44,-12,-42.66,81,208.848,-17.545,1.011,84,0.046,0.146,0.957
1417388406,3,0.1,2.99,9.477,4,-0.011,-0.002,-0.021,5,-37.5,-12.06,-42.66,81,208.851,-17.558,1.001,84,0.046,0.146,0.957
1417388406,3,0.092,3.01,9.516,4,-0.019,0.001,-0.019,5,-37.5,-12.06,-42.66,81,208.853,-17.555,0.993,84,0.046,0.146,0.957
1417388407,3,-2.252,3.105,9.437,4,-0.034,-0.023,-0.39,5,-47.88,-14.28,-33.84,81,209.263,-19.082,1.507,84,0.054,0.157,0.954
1417388407,3,-0.174,3.2,9.416,4,0.074,0.268,-0.029,,,,,,,,,,,,
1417388407,3,-0.322,3.476,9.45,,,,,,,,,,,,,,,,
1417388412,3,-2.201,7.928,4.072,4,-0.427,-1.039,-0.394,,,,,,,,,,,,
1417388412,3,-2.086,7.725,3.888,,,,,,,,,,,,,,,,
1417388412,3,-2.729,7.025,5.265,4,-0.598,-1.484,-0.841,,,,,,,,,,,,
1417388412,3,-2.764,6.39,5.27,4,-0.863,-0.901,-1.177,,,,,,,,,,,,
1417388412,3,-2.946,5.048,6.583,5,21.48,-39.42,1.2,,,,,,,,,,,,
1417388412,3,-4.764,6.299,7.019,4,-1.378,-0.932,-1.44,,,,,,,,,,,,
1417388412,3,-4.366,5.932,9.692,4,-0.826,-0.067,-1.211,,,,,,,,,,,,
1417388412,3,-4.816,4.345,8.481,4,0.047,-1.874,-0.604,5,23.16,-38.16,-0.9,,,,,,,,
1417388412,3,-4.784,4.637,7.652,,,,,,,,,,,,,,,,
1417388412,3,-3.692,4.271,7.822,4,0.149,-1.921,-0.768,,,,,,,,,,,,
1417388413,3,-3.284,5.071,6.63,4,-0.666,-1.847,-1.996,,,,,,,,,,,,
1417388413,3,-7.2,12.462,5.814,4,-0.526,-0.595,-0.888,,,,,,,,,,,,
1417388413,3,-2.31,5.037,10.018,4,-2.39,-0.045,-1.022,,,,,,,,,,,,
1417388413,3,-1.618,1.444,8.72,,,,,,,,,,,,,,,,
1417388413,3,-2.674,2.458,10.052,4,-2.307,1.248,-0.655,81,221.65,-21.193,-18.252,84,-0.08,0.225,0.916,,,,
1417388413,3,-3.551,0.186,11.15,4,-2.544,-0.274,1.011,5,24.84,-36.72,-3.18,81,221.087,-11.26,-21.643,84,-0.141,0.156,0.922
1417388413,3,-4.931,3.03,9.279,4,0.736,0.962,0.975,5,26.58,-34.98,-5.52,81,213.772,-8.207,-21.611,84,-0.158,0.122,0.941
1417388413,3,-2.925,0.53,8.821,4,-1.253,0.131,-0.285,5,28.32,-33.24,-7.8,81,211.435,-11.484,-17.62,84,-0.12,0.137,0.95
1417388413,3,-2.48,0.688,11.343,4,0.071,-1.224,1.182,5,30,-31.38,-10.08,,,,,,,,
1417388413,3,-2.161,0.273,7.165,4,-0.09,-0.699,0.33,5,31.68,-29.58,-12.24,81,210.501,-11.911,-13.899,84,-0.089,0.131,0.956
1417388413,3,-1.415,2.416,9.93,4,0.813,-1.188,0.286,5,33.18,-27.78,-14.34,81,210.008,-15.519,-7.187,84,-0.025,0.146,0.957
1417388413,3,-1.411,2.54,10.657,4,0.403,-0.452,-0.235,5,34.38,-26.04,-16.38,81,210.497,-16.038,-5.749,84,-0.011,0.147,0.956
1417388413,3,-1.809,3.774,9.479,4,0.577,-0.07,0.186,5,35.34,-24.48,-18.3,,,,,,,,
1417388413,3,-2.173,3.941,11.219,4,0.845,0.189,0.183,5,36,-23.04,-19.98,81,209.761,-21.135,-6.773,84,-0.009,0.192,0.951
1417388413,3,-0.496,3.378,8.258,4,0.766,0.243,0.447,5,36.42,-21.78,-21.54,81,208.132,-24.23,-7.646,84,-0.012,0.219,0.949
1417388413,3,-1.495,4.149,9.792,4,1.554,0.159,0.703,5,36.6,-20.7,-22.86,81,206.595,-27.547,-6.147,84,0.005,0.243,0.946
1417388414,3,-0.713,3.566,6.309,4,1.017,-0.302,0.191,5,36.6,-20.16,-23.76,,,,,,,,
1417388414,3,-0.66,4.845,8.99,4,0.833,0.464,0.238,5,36.36,-19.92,-24.54,81,205.675,-32.541,-5.823,84,0.016,0.284,0.937
1417388414,3,-0.914,5.477,8.41,4,0.356,0.086,0.152,5,35.88,-19.92,-25.2,81,206.366,-33.547,-3.699,84,0.036,0.288,0.933
1417388414,3,-0.732,5.532,6.8,4,1.321,-0.316,0.375,5,35.28,-20.22,-25.62,81,205.396,-39.414,-2.43,84,0.055,0.333,0.919
1417388414,3,-0.861,5.882,8.197,4,-0.424,-0.501,-0.231,5,34.56,-20.88,-25.8,,,,,,,,
1417388414,3,-0.718,5.482,7.866,4,0.198,-0.085,-0.034,5,33.66,-21.9,-25.8,81,206.249,-38.398,-2.251,84,0.057,0.324,0.921
1417388414,3,-0.563,6.015,7.849,4,0.017,-0.3,-0.112,5,32.7,-23.22,-25.62,81,206.201,-38.464,-1.692,84,0.062,0.324,0.92
1417388414,3,-0.82,6.026,7.9,4,-0.146,-0.02,-0.157,5,31.68,-24.6,-25.44,81,207.121,-37.97,-1.851,84,0.062,0.32,0.92
1417388414,3,-0.838,5.977,7.911,4,-0.076,0.286,-0.129,5,30.66,-26.1,-25.26,,,,,,,,
1417388414,3,-0.931,5.742,8.161,4,-0.072,0.123,-0.038,5,29.7,-27.54,-24.96,81,207.625,-37.56,-3.868,84,0.047,0.32,0.921
1417388414,3,-0.689,6.185,7.609,4,0.432,0.33,-0.051,5,28.74,-28.92,-24.6,81,207.77,-38.894,-5.371,84,0.039,0.333,0.917
1417388414,3,-0.755,6.77,8.042,4,0.487,0.129,-0.387,5,27.9,-30.24,-24.12,81,209.51,-40.74,-7.207,84,0.034,0.351,0.908
1417388414,3,-1.388,7.68,5.991,4,0.836,-0.301,0.059,5,27.24,-31.56,-23.52,,,,,,,,
1417388414,3,-0.968,6.337,7.195,4,0.035,-0.547,-0.502,5,26.58,-32.82,-22.92,81,209.638,-43.601,-5.626,84,0.054,0.37,0.899
1417388414,3,0.977,5.134,7.737,4,-0.856,-0.319,0.676,5,25.98,-34.02,-22.26,81,210.99,-42.654,-5.934,84,0.053,0.362,0.9
1417388414,3,-1.542,6.504,9.091,4,0.061,-0.14,-0.119,5,25.56,-35.16,-21.6,81,211.589,-38.311,-6.219,84,0.042,0.329,0.911
1417388414,3,-0.374,6.011,7.759,4,-0.111,0.123,0.054,5,25.2,-35.82,-21.24,,,,,,,,
1417388415,3,-0.445,6.3,7.624,4,0.084,0.037,0.008,5,24.96,-36.3,-20.88,81,210.781,-38.639,-5.337,84,0.047,0.33,0.912
1417388415,3,-0.565,6.375,7.523,4,0.111,0.067,0.025,5,24.84,-36.66,-20.52,81,210.468,-39.28,-5.646,84,0.045,0.336,0.911
1417388415,3,-0.326,6.199,7.529,4,-0.017,-0.033,-0.052,5,24.72,-36.9,-20.22,81,210.505,-39.35,-5.505,84,0.047,0.336,0.91
1417388415,3,-0.864,6.519,7.729,4,0.103,-0.023,-0.086,5,24.72,-37.02,-19.98,,,,,,,,
1417388415,3,-0.778,6.33,7.623,4,0.097,-0.032,0.036,5,24.72,-37.08,-19.92,81,210.625,-40.03,-5.386,84,0.05,0.341,0.908
1417388415,3,-0.693,6.439,7.402,4,-0.026,-0.06,-0.026,5,24.78,-37.08,-19.8,81,210.693,-39.974,-5.204,84,0.051,0.34,0.908
1417388415,3,-0.904,6.402,7.571,4,-0.004,0.213,-0.098,5,24.84,-37.02,-19.74,81,210.905,-40.047,-6.281,84,0.044,0.343,0.908
1417388415,3,-0.594,6.327,7.199,4,-0.005,-0.039,0.006,5,24.96,-36.96,-19.68,,,,,,,,
1417388415,3,-0.954,6.455,7.542,4,0.026,0.001,0.015,5,25.08,-36.9,-19.56,81,210.787,-40.17,-6.047,84,0.046,0.343,0.907
1417388415,3,-0.769,6.311,7.648,4,-0.067,0.042,-0.013,5,25.2,-36.84,-19.44,81,210.728,-40.258,-6.06,84,0.046,0.344,0.907
1417388415,3,-0.909,6.441,7.82,4,-0.094,0.092,-0.031,5,25.26,-36.78,-19.26,81,210.535,-39.706,-6.221,84,0.042,0.34,0.909
1417388415,3,-0.806,6.305,7.804,4,-0.095,0.019,-0.009,5,25.38,-36.72,-19.14,,,,,,,,
1417388415,3,-0.786,6.214,7.597,4,-0.027,0.02,-0.006,5,25.5,-36.66,-19.02,81,210.352,-39.503,-6.097,84,0.042,0.339,0.91
1417388415,3,-0.793,6.289,7.386,4,-0.035,0.029,-0.009,5,25.56,-36.6,-18.9,81,210.187,-39.465,-6.023,84,0.042,0.338,0.911
1417388415,3,-0.8,6.187,7.393,4,-0.073,0.077,-0.052,5,25.62,-36.54,-18.78,81,210.186,-39.422,-6.129,84,0.041,0.338,0.911
1417388415,3,-1.004,6.109,7.883,4,-0.159,0.081,-0.09,5,25.68,-36.48,-18.72,,,,,,,,
1417388415,3,-0.998,6.011,8.065,4,-0.128,0.052,-0.01,5,25.74,-36.48,-18.6,81,210.244,-38.475,-6.605,84,0.035,0.332,0.913
1417388416,3,-1.027,6.123,7.954,4,-0.154,-0.025,0.027,5,25.8,-36.42,-18.48,81,210.03,-37.878,-6.368,84,0.035,0.326,0.915
1417388416,3,-0.931,5.991,7.88,4,-0.076,0.032,-0.056,5,25.86,-36.36,-18.42,81,210.159,-37.647,-6.612,84,0.033,0.325,0.916
1417388416,3,-0.914,5.92,7.615,4,-0.089,-0.068,-0.014,5,25.92,-36.3,-18.3,,,,,,,,
1417388416,3,-0.889,5.903,7.833,4,-0.104,-0.029,-0.031,5,25.98,-36.24,-18.24,81,210.174,-37.403,-6.328,84,0.035,0.323,0.916
1417388416,3,-0.904,5.785,8.247,4,-0.161,-0.065,-0.047,5,26.04,-36.18,-18.18,81,210.24,-36.464,-6.056,84,0.035,0.315,0.919
1417388416,3,-0.848,5.705,8.159,4,-0.277,-0.143,-0.009,5,26.1,-36.12,-18.12,81,210.23,-35.815,-5.673,84,0.036,0.309,0.92
1417388416,3,-0.916,5.71,8.202,4,-0.067,0.053,-0.008,5,26.16,-35.94,-18.12,,,,,,,,
1417388416,3,-0.829,5.711,8.074,4,-0.096,-0.01,-0.006,5,26.16,-35.82,-18.18,81,210.121,-35.625,-5.884,84,0.034,0.308,0.921
1417388416,3,-0.922,5.762,8.122,4,-0.025,0.029,-0.017,5,26.16,-35.7,-18.3,81,210.054,-35.537,-5.714,84,0.035,0.307,0.921
1417388416,3,-0.982,5.735,8.229,4,-0.074,0.018,-0.033,5,26.16,-35.58,-18.42,81,210.074,-35.375,-5.721,84,0.034,0.305,0.922
1417388416,3,-0.905,5.696,8.128,4,-0.052,0.026,-0.013,5,26.22,-35.46,-18.6,,,,,,,,
1417388416,3,-0.84,5.642,8.087,4,0.014,0.001,-0.014,5,26.22,-35.28,-18.84,81,210.067,-35.352,-5.816,84,0.033,0.305,0.922
1417388416,3,-0.91,5.653,8.119,4,0.001,0.03,-0.039,5,26.22,-35.16,-19.02,81,210.131,-35.368,-5.955,84,0.032,0.306,0.922
1417388416,3,-0.757,5.693,7.952,4,0.034,-0.007,-0.019,5,26.22,-34.98,-19.2,81,210.148,-35.509,-5.978,84,0.033,0.307,0.921
1417388416,3,-0.855,5.752,8.002,4,0.002,-0.016,-0.023,5,26.28,-34.86,-19.38,,,,,,,,
1417388416,3,-0.845,5.711,8.088,4,0.042,-0.03,-0.001,5,26.28,-34.74,-19.62,81,210.096,-35.53,-5.873,84,0.033,0.307,0.921
1417388417,3,-0.842,5.73,8.142,4,-0.012,-0.025,-0.028,5,26.28,-34.56,-19.8,81,210.015,-35.627,-5.734,84,0.035,0.307,0.921
1417388417,3,-0.86,5.759,8.144,4,-0.005,0.004,-0.026,5,26.28,-34.38,-19.98,81,210.124,-35.54,-5.718,84,0.035,0.307,0.921
1417388417,3,-0.784,5.71,7.863,4,0.052,-0.038,-0.01,5,26.34,-34.2,-20.16,,,,,,,,
1417388417,3,-0.924,5.736,8.138,4,-0.042,-0.015,-0.008,5,26.34,-34.02,-20.34,81,210.12,-35.801,-5.685,84,0.036,0.309,0.921
1417388417,3,-0.892,5.799,8.055,4,-0.011,0.03,-0.032,5,26.34,-33.9,-20.52,81,210.197,-35.679,-5.782,84,0.035,0.308,0.921
1417388417,3,-0.889,5.722,8.252,4,-0.008,0.004,-0.036,5,26.34,-33.78,-20.7,81,210.282,-35.615,-5.835,84,0.034,0.307,0.921
1417388417,3,-0.848,5.708,8.023,4,-0.004,-0.041,-0.004,5,26.34,-33.72,-20.82,,,,,,,,
1417388417,3,-0.833,5.725,8.036,4,0.027,0.011,-0.019,5,26.34,-33.66,-20.94,81,210.235,-35.722,-5.829,84,0.035,0.308,0.921
1417388417,3,-0.799,5.701,7.988,4,-0.033,0.023,-0.023,5,26.34,-33.6,-20.94,81,210.199,-35.696,-5.874,84,0.034,0.308,0.921
1417388417,3,-0.877,5.74,7.976,4,0,0.009,-0.029,5,26.34,-33.54,-21,81,210.223,-35.734,-5.936,84,0.034,0.308,0.921
1417388417,3,-0.822,5.678,8.065,4,-0.017,-0.004,-0.017,5,26.34,-33.48,-21,,,,,,,,
1417388417,3,-0.958,5.758,8.025,4,-0.028,0.007,-0.03,5,26.34,-33.48,-21,81,210.237,-35.782,-5.969,84,0.034,0.309,0.92
1417388417,3,-0.943,5.746,8.085,4,-0.023,0.057,-0.031,5,26.34,-33.48,-21,81,210.228,-35.619,-5.982,84,0.033,0.308,0.921
1417388417,3,-0.95,5.728,8.237,4,-0.033,0.02,-0.039,5,26.34,-33.42,-21,81,210.238,-35.535,-6.071,84,0.032,0.307,0.921
1417388417,3,-0.964,5.756,8.072,4,-0.045,-0.001,-0.01,5,26.34,-33.42,-21,,,,,,,,
1417388417,3,-0.83,5.656,8.061,4,-0.027,0.019,-0.029,5,26.34,-33.42,-20.94,81,210.175,-35.545,-5.944,84,0.033,0.307,0.921
1417388417,3,-0.873,5.641,8.034,4,-0.011,0.01,-0.032,5,26.4,-33.42,-20.94,81,210.177,-35.331,-5.946,84,0.033,0.305,0.922
1417388418,3,-1.097,5.67,8.115,4,-0.059,0.034,-0.03,5,26.4,-33.42,-20.88,81,210.188,-35.274,-6.053,84,0.032,0.305,0.922
1417388418,3,-0.896,5.551,8.279,4,-0.021,0.029,-0.027,5,26.4,-33.48,-20.88,,,,,,,,
1417388418,3,-1.293,5.639,8.776,4,-0.084,0.016,-0.011,5,26.46,-33.48,-20.82,81,210.155,-34.884,-6.26,84,0.029,0.302,0.923
1417388418,3,-0.897,5.627,8.179,4,-0.055,-0.027,0.01,5,26.52,-33.48,-20.82,81,210.144,-34.562,-6.314,84,0.028,0.3,0.924
1417388418,3,-0.761,5.605,7.993,4,-0.103,-0.149,0.019,5,26.52,-33.48,-20.76,81,210.009,-34.274,-5.663,84,0.032,0.296,0.925
1417388418,3,-0.848,5.547,8.173,4,-0.039,0.018,-0.015,5,26.58,-33.42,-20.76,,,,,,,,
1417388418,3,-0.79,5.466,8.019,5,26.58,-33.42,-20.7,81,209.905,-34.427,-5.747,84,0.031,0.298,0.925,,,,
1417388418,3,-0.973,5.504,8.349,4,-0.017,0.058,-0.024,5,26.64,-33.42,-20.7,81,209.893,-34.197,-6.053,84,0.028,0.297,0.925
1417388418,3,-0.742,5.488,8.166,4,-0.076,0.036,-0.037,5,26.7,-33.42,-20.7,81,209.836,-34.096,-6.132,84,0.027,0.296,0.926
1417388418,3,-0.91,5.541,8.323,4,-0.032,0.005,0.023,5,26.7,-33.36,-20.64,,,,,,,,
1417388418,3,-0.988,5.637,8.226,4,-0.074,-0.017,-0.014,5,26.76,-33.36,-20.64,81,209.792,-33.906,-6.134,84,0.027,0.294,0.926
1417388418,3,-0.873,5.352,8.548,4,-0.19,-0.077,-0.011,5,26.76,-33.3,-20.58,81,209.827,-33.502,-5.975,84,0.027,0.291,0.927
1417388418,3,-0.766,5.341,8.346,4,-0.011,-0.011,0.022,5,26.82,-33.3,-20.58,81,209.579,-33.136,-5.761,84,0.027,0.288,0.928
1417388418,3,-0.901,5.389,8.317,4,-0.028,0.005,0.003,5,26.82,-33.3,-20.64,,,,,,,,
1417388418,3,-0.749,5.397,7.917,4,-0.006,0.02,-0.028,5,26.82,-33.24,-20.64,81,209.434,-33.158,-5.734,84,0.027,0.288,0.929
1417388418,3,-0.789,5.373,8.33,4,0.007,0.037,0.063,5,26.82,-33.24,-20.64,81,209.044,-33.405,-5.597,84,0.028,0.29,0.929
1417388418,3,-0.752,5.27,8.443,4,-0.228,-0.055,0.065,5,26.88,-33.18,-20.7,81,208.638,-32.661,-5.137,84,0.029,0.283,0.931
1417388419,3,-1.001,5.237,8.787,4,-0.267,-0.006,-0.115,5,26.88,-33.18,-20.76,,,,,,,,
1417388419,3,-0.815,5.225,8.558,4,-0.042,0.039,-0.016,5,26.88,-33.18,-20.82,81,208.956,-31.777,-5.29,84,0.026,0.276,0.933
1417388419,3,-0.411,5.159,8.207,4,-0.061,-0.145,0.038,5,26.88,-33.12,-20.94,81,208.585,-31.489,-4.474,84,0.031,0.272,0.934
1417388419,3,-0.621,5.207,7.722,4,0.012,0.06,0.179,5,26.88,-33.06,-21.06,81,206.971,-32.111,-4.496,84,0.029,0.277,0.936
1417388419,3,-1.033,4.819,9.161,4,0.122,0.544,0.563,5,26.88,-33.06,-21.18,,,,,,,,
1417388419,3,-0.946,5.369,8.367,4,0.133,0.136,0.202,5,26.88,-33,-21.3,81,205.269,-32.214,-6.015,84,0.012,0.281,0.939
1417388419,3,-0.984,5.634,8.349,4,-0.026,-0.21,-0.188,5,26.88,-32.94,-21.36,81,205.376,-32.459,-5.692,84,0.016,0.283,0.938
1417388419,3,-0.91,5.608,8.171,4,0.028,-0.113,-0.061,5,26.88,-32.94,-21.48,81,205.881,-32.611,-5.649,84,0.018,0.284,0.937
1417388419,3,-0.858,5.319,8.601,4,-0.006,0.036,-0.009,5,26.88,-32.88,-21.6,,,,,,,,
1417388419,3,-0.704,5.315,8.334,4,0.007,-0.106,-0.023,5,26.88,-32.82,-21.72,81,205.91,-32.807,-5.344,84,0.021,0.285,0.936
1417388419,3,-0.751,5.331,8.399,4,0.052,-0.023,-0.019,5,26.88,-32.82,-21.78,81,205.894,-33.013,-5.206,84,0.022,0.286,0.936
1417388419,3,-0.575,5.308,8.253,4,-0.028,-0.059,-0.049,5,26.88,-32.76,-21.9,81,206.022,-32.912,-5.034,84,0.024,0.285,0.936
1417388419,3,-0.714,5.272,8.282,4,-0.021,-0.018,-0.016,5,26.82,-32.76,-21.96,,,,,,,,
1417388419,3,-0.71,5.271,8.121,4,-0.012,0.005,-0.073,5,26.76,-32.76,-22.08,81,205.915,-32.912,-4.805,84,0.025,0.285,0.936
1417388419,3,-0.67,5.174,7.995,4,0.023,-0.045,-0.042,5,26.7,-32.76,-22.14,81,206.295,-33.073,-4.942,84,0.025,0.286,0.935
1417388419,3,-1.061,5.013,8.721,4,-0.002,0.144,-0.093,5,26.64,-32.76,-22.2,81,206.677,-33.162,-5.867,84,0.019,0.289,0.934
1417388419,3,-1.795,5.377,7.959,4,0.299,0.274,-0.225,5,26.58,-32.76,-22.26,,,,,,,,
1417388420,3,-2.19,5.097,8.183,4,0.7,0.119,-0.356,5,26.52,-32.76,-22.2,81,208.243,-34.578,-7.764,84,0.011,0.303,0.928
1417388420,3,-1.999,5.713,5.939,4,0.621,-0.355,-0.722,5,26.46,-32.82,-22.14,81,210.416,-36.826,-9.868,84,0.007,0.325,0.917
1417388420,3,-0.907,4.437,5.056,4,0.824,-0.7,-0.854,5,26.4,-32.88,-21.96,81,218.977,-41.921,-13.61,84,0.021,0.371,0.883
1417388420,3,-2.166,7.317,4.952,4,0.949,0.475,-0.731,5,26.34,-32.88,-21.78,,,,,,,,
1417388420,3,-3.408,7.5,11.185,4,-1.18,0.325,-1.095,5,26.4,-32.94,-21.42,81,222.875,-40.109,-17.159,84,0.001,0.367,0.877
1417388420,3,-1.024,6.224,10.096,4,-1.786,0.589,0.633,5,26.88,-34.38,-20.4,81,241.944,-33.498,-17.256,84,0.027,0.318,0.829
1417388420,3,-2.345,6.612,7.928,4,-0.035,0.232,0.732,5,27.12,-33.78,-19.56,81,252.708,-33.553,-14.98,84,0.072,0.304,0.781
1417388420,3,-1.85,6.248,8.006,4,0.575,1.322,0.808,5,26.94,-33,-18.66,,,,,,,,
1417388420,3,-1.448,5.505,9.061,4,-0.601,0.39,0.776,5,26.16,-31.98,-17.76,81,254.161,-36.489,-17.944,84,0.074,0.335,0.77
1417388420,3,-1.51,6.07,8.086,5,25.38,-31.02,-16.98,81,241.018,-34.86,-13.982,84,0.054,0.315,0.83,,,,
1417388420,3,-2.148,6.048,7.934,4,-0.437,-0.245,0.134,5,24.54,-30.18,-16.86,81,237.699,-33.691,-12.982,84,0.047,0.304,0.845
1417388420,3,-2.495,5.706,9.06,4,-0.534,-0.188,0.139,5,23.58,-29.46,-17.1,,,,,,,,
1417388420,3,-1.887,4.28,8.121,4,-0.696,0.117,0.571,5,22.68,-28.74,-17.4,81,234.446,-31.979,-11.965,84,0.038,0.289,0.86
1417388420,3,-1.405,5,8.658,4,0.315,-0.205,0.451,5,21.78,-27.96,-17.64,81,230.651,-31.198,-10.476,84,0.037,0.279,0.875
1417388420,3,-2.163,5.282,9.067,4,-0.278,0.446,0.155,5,21.12,-27.48,-17.94,81,228.362,-31.037,-11.417,84,0.023,0.282,0.883
1417388420,3,-1.876,5.109,8.328,4,-0.073,-0.005,0.122,5,20.58,-27.12,-18.18,,,,,,,,
1417388421,3,-1.587,5.292,8.423,4,0.142,-0.299,0.135,5,20.16,-26.88,-18.42,81,227.988,-31.592,-10.34,84,0.033,0.283,0.883
1417388421,3,-1.463,5.243,8.286,4,-0.091,-0.169,0.195,5,19.74,-26.76,-18.66,81,227.436,-31.634,-9.349,84,0.039,0.28,0.885
1417388421,3,-0.916,4.853,8.283,4,-0.035,-0.252,0.193,5,19.38,-26.64,-18.84,81,227.075,-31.715,-8.108,84,0.048,0.277,0.886
1417388421,3,-0.313,4.766,8.365,4,-0.135,-0.181,0.182,5,19.02,-26.7,-19.02,,,,,,,,
1417388421,3,-0.154,4.691,8.511,4,-0.035,-0.132,0.242,5,18.6,-26.76,-19.32,81,226.668,-31.29,-6.875,84,0.055,0.27,0.888
1417388421,3,-0.129,4.919,8.113,4,0.015,-0.068,0.132,5,18.06,-27.06,-19.68,81,225.63,-31.265,-4.691,84,0.069,0.263,0.89
1417388421,3,-1.017,5.006,8.991,4,-0.029,-0.003,-0.029,5,17.46,-27.9,-20.28,81,225.829,-31.154,-4.928,84,0.067,0.263,0.89
1417388421,3,-0.593,4.801,8.183,4,0.005,0.134,-0.07,5,17.22,-28.92,-21.06,,,,,,,,
1417388421,3,-0.993,5.141,8.252,4,0.15,-0.013,-0.059,5,17.58,-30.24,-21.78,81,225.886,-31.466,-4.859,84,0.069,0.265,0.889
1417388421,3,-0.966,5.204,8.218,4,-0.036,-0.139,-0.053,5,18,-31.5,-22.32,81,226.405,-31.807,-4.987,84,0.07,0.268,0.887
1417388421,3,-0.906,5.108,8.3,5,18.48,-32.58,-22.26,81,226.739,-31.477,-4.55,84,0.073,0.264,0.886,,,,
1417388421,3,-1.028,5.11,8.653,4,-0.087,-0.059,-0.048,5,19.02,-33.6,-21.78,,,,,,,,
1417388421,3,-0.847,5.13,8.216,4,-0.074,-0.093,-0.055,5,19.56,-34.62,-21.36,81,226.798,-30.942,-4.524,84,0.072,0.26,0.887
1417388421,3,-0.826,5.221,8.254,4,0.078,-0.029,-0.044,5,20.1,-35.58,-20.82,81,226.77,-31.346,-4.547,84,0.073,0.263,0.886
1417388421,3,-0.69,5.039,8.452,4,-0.084,0.005,-0.046,5,20.46,-36.3,-20.34,81,226.582,-31.217,-4.675,84,0.071,0.262,0.887
1417388421,3,-0.595,5.038,8.719,4,-0.058,0.067,-0.018,5,20.64,-36.9,-19.92,,,,,,,,
1417388421,3,-0.757,5.076,8.854,4,-0.151,0.034,-0.064,5,20.76,-37.38,-19.56,81,226.148,-31.037,-4.871,84,0.068,0.262,0.889
1417388422,3,-0.792,5.144,8.434,4,-0.072,0.077,-0.119,5,20.88,-37.74,-19.2,81,225.221,-30.316,-5.296,84,0.06,0.258,0.894
1417388422,3,-0.896,5.024,8.548,4,0.055,0.086,-0.112,5,20.94,-38.04,-18.96,81,224.951,-30.487,-5.778,84,0.056,0.261,0.894
1417388422,3,-1.139,5.069,8.822,4,-0.035,0.06,-0.052,5,20.94,-38.22,-18.78,,,,,,,,
1417388422,3,-0.924,5.014,8.296,4,0.016,0.02,-0.059,5,21,-38.34,-18.6,81,224.483,-30.428,-6.078,84,0.053,0.262,0.896
1417388422,3,-1.234,5.173,8.551,4,0.115,0.025,-0.013,5,21.12,-38.4,-18.6,81,223.93,-30.788,-6.124,84,0.052,0.265,0.897
1417388422,3,-0.953,5.175,8.419,4,-0.017,0.046,-0.062,5,21.18,-38.34,-18.6,81,223.1,-31.234,-6.602,84,0.048,0.27,0.899
1417388422,3,-0.752,5.231,8.586,4,0.097,0.039,-0.005,5,21.24,-38.28,-18.54,,,,,,,,
1417388422,3,-1.204,5.335,8.98,4,0.079,0.117,-0.061,5,21.36,-38.22,-18.54,81,222.696,-31.501,-6.908,84,0.046,0.273,0.899
1417388422,3,-0.959,5.369,8.414,4,0.187,0.041,-0.101,5,21.42,-38.1,-18.6,81,222.527,-31.934,-7.347,84,0.043,0.278,0.899
1417388422,3,-1.043,5.364,8.225,4,0.273,0.015,-0.066,5,21.48,-37.98,-18.6,81,222.332,-32.963,-7.458,84,0.045,0.286,0.897
1417388422,3,-0.831,5.342,8.093,4,0.187,-0.066,-0.044,5,21.6,-37.86,-18.66,,,,,,,,
1417388422,3,-1.043,5.468,7.966,4,0.187,-0.099,-0.078,5,21.66,-37.74,-18.66,81,222.29,-33.648,-7.31,84,0.049,0.291,0.896
1417388422,3,-1.419,5.537,8.378,4,0.064,-0.025,-0.173,5,21.78,-37.62,-18.66,81,223.204,-34.387,-7.455,84,0.052,0.297,0.892
1417388422,3,-1.171,5.614,7.816,4,0.054,-0.066,-0.184,5,21.96,-37.5,-18.72,81,224.088,-34.634,-7.675,84,0.054,0.299,0.888
1417388422,3,-1.266,5.777,7.793,4,0.153,-0.122,-0.13,5,22.08,-37.44,-18.66,,,,,,,,
1417388422,3,-1.289,5.709,7.703,4,0.072,-0.045,-0.145,5,22.26,-37.32,-18.66,81,224.919,-35.234,-7.824,84,0.057,0.304,0.885
1417388422,3,-1.39,5.553,7.682,4,-0.004,-0.069,-0.13,5,22.38,-37.26,-18.6,81,225.647,-35.437,-7.896,84,0.059,0.305,0.882
1417388423,3,-1.445,5.644,8.146,4,-0.07,0.011,-0.146,5,22.56,-37.26,-18.54,81,226.792,-35.032,-8.542,84,0.056,0.303,0.879
1417388423,3,-1.42,5.68,8.35,4,-0.099,0.04,-0.055,5,22.74,-37.2,-18.42,,,,,,,,
1417388423,3,-1.29,5.774,8.119,4,-0.091,-0.007,-0.071,5,22.92,-37.14,-18.36,81,227.022,-34.537,-8.726,84,0.053,0.3,0.88
1417388423,3,-1.329,5.792,7.955,4,-0.007,-0.023,-0.044,5,23.1,-37.14,-18.24,81,227.047,-34.569,-8.681,84,0.054,0.3,0.88
1417388423,3,-1.255,5.548,8.177,4,-0.038,0.004,-0.034,5,23.34,-37.08,-18.18,81,227.124,-34.619,-8.769,84,0.054,0.301,0.879
1417388423,3,-1.311,5.592,8.247,4,0.008,0.027,-0.031,5,23.52,-37.08,-18.06,,,,,,,,
1417388423,3,-1.258,5.598,7.975,4,-0.022,-0.025,-0.052,5,23.7,-37.08,-17.94,81,227.229,-34.645,-8.876,84,0.053,0.301,0.879
1417388423,3,-1.211,5.523,8.049,4,0.05,-0.035,-0.015,5,23.88,-37.14,-17.82,81,227.377,-34.808,-8.714,84,0.055,0.302,0.878
1417388423,3,-1.17,5.527,8.031,4,-0.028,-0.038,-0.046,5,24.12,-37.14,-17.76,81,227.421,-34.759,-8.646,84,0.056,0.301,0.878
1417388423,3,-1.253,5.625,8.056,4,0.001,-0.019,-0.053,5,24.3,-37.14,-17.64,,,,,,,,
1417388423,3,-1.404,5.608,8.228,4,-0.021,-0.029,-0.062,5,24.54,-37.14,-17.52,81,227.724,-34.759,-8.776,84,0.056,0.302,0.877
1417388423,3,-1.453,5.721,8.125,4,-0.009,0.001,-0.095,5,24.78,-37.14,-17.46,81,228.006,-34.692,-8.814,84,0.056,0.301,0.876
1417388423,3,-1.328,5.618,8.05,4,-0.006,-0.039,-0.035,5,24.96,-37.14,-17.34,81,228.339,-34.773,-8.666,84,0.058,0.301,0.875
1417388423,3,-1.253,5.585,8.051,4,0.013,-0.049,0.003,5,25.08,-37.14,-17.28,,,,,,,,
1417388423,3,-1.415,5.626,8.299,4,-0.047,-0.014,-0.03,5,25.2,-37.14,-17.22,81,228.41,-34.795,-8.494,84,0.06,0.301,0.875
1417388423,3,-1.326,5.684,7.982,4,0.013,0.013,-0.061,5,25.38,-37.08,-17.22,81,228.675,-34.702,-8.685,84,0.059,0.3,0.874
1417388424,3,-1.183,5.552,8.117,4,0.016,-0.032,-0.03,5,25.5,-37.02,-17.22,81,228.848,-34.865,-8.681,84,0.06,0.301,0.873
1417388424,3,-1.204,5.485,8.071,4,-0.025,-0.022,0.011,5,25.56,-36.96,-17.22,,,,,,,,
1417388424,3,-1.225,5.385,8.036,4,0.004,-0.015,-0.019,5,25.62,-36.96,-17.22,81,229.154,-34.694,-8.453,84,0.062,0.299,0.872
1417388424,3,-1.18,5.507,7.903,4,0.039,-0.035,-0.039,5,25.68,-36.9,-17.22,81,229.429,-34.836,-8.369,84,0.063,0.3,0.871
1417388424,3,-1.447,5.509,8.167,4,0.055,0.005,-0.06,5,25.74,-36.84,-17.22,81,229.814,-34.927,-8.515,84,0.064,0.301,0.87
1417388424,3,-1.414,5.629,8.089,4,-0.042,0.018,-0.124,5,25.8,-36.84,-17.22,,,,,,,,
1417388424,3,-1.349,5.772,7.787,4,0.103,-0.081,-0.113,5,25.8,-36.78,-17.22,81,230.379,-34.834,-8.835,84,0.063,0.301,0.868
1417388424,3,-1.451,5.784,7.966,4,0.013,0.107,-0.095,5,25.86,-36.72,-17.22,81,230.784,-35.159,-8.95,84,0.064,0.303,0.866
1417388424,3,-1.327,5.704,8.134,4,-0.016,0.059,-0.066,5,25.86,-36.66,-17.28,81,231.365,-34.908,-9.827,84,0.058,0.304,0.865
1417388424,3,-1.479,5.78,8.459,4,-0.169,0.114,-0.069,5,25.92,-36.6,-17.28,,,,,,,,
1417388424,3,-1.417,5.762,8.412,4,-0.084,0,-0.068,5,25.92,-36.6,-17.28,81,231.596,-34.344,-10.144,84,0.054,0.301,0.865
1417388424,3,-1.444,5.655,8.428,4,-0.081,0.035,-0.044,5,25.92,-36.54,-17.28,81,231.681,-34.187,-10.234,84,0.053,0.3,0.865
1417388424,3,-1.544,5.593,8.162,4,0.015,-0.038,-0.039,5,25.98,-36.42,-17.28,81,231.777,-34.135,-10.088,84,0.054,0.299,0.865
1417388424,3,-1.583,5.562,7.961,4,0.024,-0.06,-0.03,5,26.04,-36.36,-17.28,,,,,,,,
1417388424,3,-1.581,5.485,7.983,4,0.05,-0.068,-0.034,5,26.1,-36.3,-17.22,81,231.96,-34.489,-9.894,84,0.058,0.301,0.864
1417388424,3,-1.54,5.458,8.001,4,0.006,-0.037,-0.006,5,26.16,-36.18,-17.22,81,231.895,-34.519,-9.802,84,0.058,0.301,0.864
1417388424,3,-1.502,5.435,8.222,4,-0.061,0.006,-0.009,5,26.22,-36.06,-17.22,81,231.909,-34.285,-9.85,84,0.057,0.3,0.864
1417388425,3,-1.44,5.617,7.966,4,-0.023,-0.009,-0.045,5,26.28,-35.94,-17.16,,,,,,,,
1417388425,3,-1.493,5.674,8.019,4,-0.005,0.012,-0.035,5,26.4,-35.88,-17.1,81,231.925,-34.317,-9.923,84,0.057,0.3,0.864
1417388425,3,-1.416,5.497,8.286,4,-0.043,0.016,-0.011,5,26.52,-35.76,-17.1,81,232.028,-34.319,-10.135,84,0.055,0.301,0.864
1417388425,3,-1.456,5.49,8.262,4,-0.026,-0.001,-0.013,5,26.64,-35.64,-17.04,81,231.963,-34.162,-10.137,84,0.054,0.3,0.864
1417388425,3,-1.487,5.491,8.076,4,-0.013,-0.031,-0.008,5,26.76,-35.52,-17.04,,,,,,,,
1417388425,3,-1.578,5.605,7.982,4,0.036,-0.035,-0.054,5,26.88,-35.4,-16.98,81,232.135,-34.11,-10.076,84,0.055,0.299,0.864
1417388425,3,-1.528,5.51,8.141,4,-0.014,-0.02,-0.019,5,27,-35.34,-16.92,81,232.235,-34.206,-10.088,84,0.056,0.3,0.863
1417388425,3,-1.464,5.414,8.042,4,-0.026,-0.004,-0.002,5,27.12,-35.28,-16.92,81,232.416,-34.205,-10.188,84,0.055,0.3,0.863
1417388425,3,-1.428,5.511,8.121,4,-0.014,0.006,-0.013,5,27.24,-35.16,-16.86,,,,,,,,
1417388425,3,-1.508,5.575,8.145,4,-0.034,-0.01,-0.044,5,27.36,-35.1,-16.8,81,232.752,-34.08,-10.142,84,0.056,0.299,0.862
1417388425,3,-1.471,5.564,8.12,4,-0.018,0.01,-0.046,5,27.48,-35.04,-16.74,81,232.979,-34.066,-10.255,84,0.056,0.299,0.861
1417388425,3,-1.423,5.435,8.297,4,-0.049,-0.014,-0.012,5,27.54,-35.04,-16.74,81,233.11,-33.939,-10.166,84,0.056,0.298,0.861
1417388425,3,-1.513,5.598,8.175,4,-0.022,0.01,-0.028,5,27.66,-34.92,-16.68,,,,,,,,
1417388425,3,-1.543,5.561,8.194,4,-0.023,-0.013,-0.025,5,27.72,-34.92,-16.68,81,233.272,-33.838,-10.149,84,0.056,0.297,0.861
1417388425,3,-1.463,5.486,8.072,4,0.01,-0.01,-0.014,5,27.78,-34.86,-16.68,81,233.443,-33.836,-10.168,84,0.057,0.297,0.86
1417388425,3,-1.433,5.419,7.979,4,0.023,0,-0.007,5,27.84,-34.86,-16.62,81,233.767,-33.925,-10.275,84,0.057,0.298,0.859
1417388425,3,-1.449,5.329,8.123,4,-0.015,-0.012,-0.02,5,27.84,-34.8,-16.62,,,,,,,,
1417388426,3,-1.581,5.51,8.256,4,-0.012,0.01,-0.024,5,27.78,-34.8,-16.62,81,233.832,-33.848,-10.175,84,0.058,0.297,0.858
1417388426,3,-1.529,5.478,8.102,4,-0.033,-0.005,-0.037,5,27.78,-34.8,-16.68,81,233.955,-33.719,-10.252,84,0.057,0.296,0.858
1417388426,3,-1.55,5.534,8.016,4,0.011,-0.01,-0.033,5,27.78,-34.8,-16.68,81,234.005,-33.716,-10.231,84,0.057,0.296,0.858
1417388426,3,-1.58,5.424,8.176,4,-0.034,-0.005,-0.02,5,27.72,-34.8,-16.74,,,,,,,,
1417388426,3,-1.478,5.446,8.185,4,-0.074,0.006,-0.033,5,27.72,-34.8,-16.74,81,234.136,-33.47,-10.322,84,0.056,0.294,0.858
1417388426,3,-1.575,5.692,8.168,4,0.01,0.003,-0.024,5,27.72,-34.74,-16.8,81,234.152,-33.551,-10.347,84,0.056,0.295,0.858
1417388426,3,-1.612,5.629,8.388,4,-0.065,0.003,-0.049,5,27.66,-34.74,-16.86,81,234.201,-33.514,-10.451,84,0.055,0.295,0.858
1417388426,3,-1.414,5.467,8.233,4,-0.001,0.055,0.013,5,27.66,-34.74,-16.86,,,,,,,,
1417388426,3,-1.287,5.282,8.077,4,0.013,-0.011,0.051,5,27.66,-34.74,-16.92,81,234.088,-33.502,-10.497,84,0.055,0.295,0.858
1417388426,3,-1.387,5.252,8.401,4,0.038,-0.021,0.018,5,27.6,-34.68,-16.98,81,233.823,-33.632,-10.245,84,0.056,0.295,0.859
1417388426,3,-1.703,5.635,8.422,4,-0.015,-0.03,-0.022,5,27.6,-34.68,-17.04,81,233.966,-33.64,-10.037,84,0.058,0.294,0.858
1417388426,3,-1.581,5.643,7.85,4,0.084,-0.048,-0.082,5,27.54,-34.68,-17.1,,,,,,,,
1417388426,3,-1.456,5.366,8.031,4,0.052,-0.077,-0.013,5,27.54,-34.74,-17.1,81,234.104,-34.028,-9.887,84,0.061,0.297,0.857
1417388426,3,-1.428,5.472,7.848,4,-0.043,-0.002,-0.017,5,27.54,-34.74,-17.16,81,234.084,-34.178,-9.907,84,0.062,0.298,0.857
1417388426,3,-1.363,5.729,7.917,4,0.084,-0.009,-0.086,5,27.54,-34.74,-17.22,81,234.237,-34.339,-9.958,84,0.062,0.299,0.856
1417388426,3,-1.61,5.891,8.62,4,-0.052,0.088,-0.088,5,27.54,-34.74,-17.28,,,,,,,,
1417388427,3,-1.234,6.3,8.109,4,-0.007,0.081,-0.139,5,27.54,-34.74,-17.34,81,234.887,-34.195,-10.913,84,0.057,0.301,0.854
1417388427,3,-1.689,6.305,8.713,4,0.074,0.074,-0.228,5,27.54,-34.74,-17.34,81,235.71,-34.64,-11.629,84,0.056,0.307,0.85
1417388427,3,-2.063,5.734,8.944,4,0.124,0.262,-0.312,5,27.6,-34.74,-17.34,81,236.774,-34.911,-13.088,84,0.049,0.313,0.846
1417388427,3,-1.835,5.301,8.398,4,0.095,-0.148,-0.193,5,27.66,-34.74,-17.34,,,,,,,,
1417388427,3,-1.779,5.212,7.809,4,0.235,-0.225,-0.033,5,27.66,-34.74,-17.34,81,237.465,-35.07,-12.648,84,0.055,0.313,0.843
1417388427,3,-1.352,5.554,7.104,4,0.309,-0.279,0.007,5,27.78,-34.74,-17.34,81,237.624,-35.85,-12.066,84,0.063,0.316,0.84
1417388427,3,-1.229,5.47,7.204,4,0.1,-0.272,-0.012,5,27.84,-34.74,-17.34,81,237.815,-37.244,-10.07,84,0.084,0.318,0.836
1417388427,3,-1.068,5.447,6.888,5,27.96,-34.74,-17.28,,,,,,,,,,,,
1417388427,3,-2.254,6.278,8.144,4,0.064,-0.05,-0.23,5,28.02,-34.74,-17.28,81,238.217,-37.514,-9.556,84,0.09,0.318,0.834
1417388427,3,-2.009,6.425,7.575,4,0.028,0.134,-0.416,5,28.14,-34.8,-17.28,81,240.029,-37.293,-11.463,84,0.081,0.322,0.828
1417388427,3,-2.151,6.282,7.836,4,0.23,0.061,-0.247,5,28.2,-34.8,-17.28,81,241.294,-38.068,-12.598,84,0.08,0.331,0.821
1417388427,3,-1.957,5.948,7.77,4,0.083,-0.005,-0.146,5,28.26,-34.8,-17.22,,,,,,,,
1417388427,3,-1.681,5.677,7.487,4,-0.06,-0.034,0.019,5,28.38,-34.86,-17.22,81,242.159,-38.117,-13.246,84,0.078,0.333,0.818
1417388427,3,-1.517,5.849,7.342,4,0.034,-0.098,0.068,5,28.44,-34.86,-17.16,81,241.984,-38.245,-12.65,84,0.083,0.332,0.818
1417388427,3,-1.547,6.062,7.332,4,-0.046,-0.057,-0.007,5,28.56,-34.86,-17.16,81,241.83,-38.139,-12.336,84,0.084,0.33,0.819
1417388427,3,-1.732,6.111,7.955,4,-0.071,-0.035,-0.068,5,28.68,-34.92,-17.16,,,,,,,,
1417388427,3,-1.958,6.172,7.918,4,-0.09,0.031,-0.101,5,28.8,-34.92,-17.1,81,241.733,-37.903,-12.323,84,0.082,0.328,0.82
1417388428,3,-1.841,6.062,7.752,4,-0.016,-0.052,-0.08,5,28.86,-34.98,-17.1,81,241.851,-37.649,-12.598,84,0.08,0.328,0.82
1417388428,3,-1.748,6.059,7.525,4,0.026,-0.073,-0.034,5,28.98,-34.98,-17.1,81,241.616,-37.849,-12.365,84,0.082,0.328,0.82
1417388428,3,-1.726,6.03,7.617,4,-0.019,-0.027,-0.01,5,29.04,-35.04,-17.04,,,,,,,,
1417388428,3,-1.653,5.999,7.726,4,-0.041,-0.017,-0.014,5,29.04,-35.1,-17.1,81,241.429,-37.734,-12.289,84,0.081,0.327,0.821
1417388428,3,-1.599,6.148,7.711,4,-0.01,0.004,-0.024,5,29.1,-35.1,-17.1,81,241.222,-37.725,-12.207,84,0.081,0.327,0.822
1417388428,3,-1.674,6.007,8.035,4,-0.036,0.006,-0.018,5,29.1,-35.16,-17.1,81,240.981,-37.844,-12.152,84,0.081,0.328,0.823
1417388428,3,-1.706,6.024,7.889,4,-0.032,-0.005,-0.001,5,29.16,-35.16,-17.16,,,,,,,,
1417388428,3,-1.538,5.987,7.42,4,0.026,-0.037,-0.017,5,29.16,-35.22,-17.16,81,240.488,-37.746,-11.962,84,0.081,0.327,0.825
1417388428,3,-1.589,6.091,7.7,4,0.047,-0.085,0.009,5,29.22,-35.22,-17.22,81,240.263,-38.037,-11.595,84,0.084,0.327,0.825
1417388428,3,-1.616,6.162,8.088,4,-0.071,0.021,-0.024,5,29.22,-35.28,-17.22,81,240.192,-37.828,-11.617,84,0.082,0.326,0.826
1417388428,3,-1.754,6.141,7.909,4,0.01,0.041,-0.036,5,29.28,-35.28,-17.22,,,,,,,,
1417388428,3,-1.679,6.13,7.842,4,0.096,-0.069,-0.016,5,29.28,-35.28,-17.28,81,240.23,-37.851,-11.833,84,0.081,0.327,0.826
1417388428,3,-1.683,6.052,7.541,4,0.051,-0.011,0.008,5,29.28,-35.34,-17.28,81,240.187,-38.266,-11.64,84,0.084,0.329,0.825
1417388428,3,-1.431,6.081,7.288,4,0.115,-0.022,0.005,5,29.34,-35.34,-17.28,81,239.975,-39.039,-11.443,84,0.089,0.334,0.824
1417388428,3,-1.52,6.235,7.436,4,0.088,0.059,0.044,5,29.34,-35.34,-17.34,,,,,,,,
1417388428,3,-1.616,6.298,7.307,4,0.084,0.029,-0.037,5,29.34,-35.34,-17.34,81,239.925,-39.356,-11.707,84,0.088,0.337,0.823
1417388428,3,-1.608,6.347,7.569,4,0.047,0.084,0.016,5,29.4,-35.4,-17.4,81,239.863,-39.735,-11.973,84,0.088,0.341,0.822
1417388429,3,-1.486,6.235,7.45,4,0.005,0.077,-0.004,5,29.4,-35.4,-17.4,81,239.763,-39.787,-12.291,84,0.086,0.342,0.823
1417388429,3,-1.563,6.097,7.809,4,0.005,0.092,0.107,5,29.4,-35.4,-17.46,,,,,,,,
1417388429,3,-1.879,6.012,6.18,4,-0.021,0.015,-0.033,5,29.46,-35.4,-17.46,81,239.544,-39.772,-12.167,84,0.086,0.342,0.824
1417388429,3,-2.438,6.119,8.356,4,-0.104,0.387,-0.081,5,29.46,-35.4,-17.46,81,239.925,-39.671,-13.933,84,0.075,0.348,0.823
1417388429,3,-2.046,6.325,7.655,4,-0.25,0.204,-0.165,5,29.46,-35.4,-17.4,81,240.687,-38.49,-14.789,84,0.065,0.343,0.823
1417388429,3,-1.992,6.003,7.606,4,0.055,-0.08,-0.151,5,29.46,-35.4,-17.28,,,,,,,,
1417388429,3,-1.968,6.12,7.553,4,0.06,-0.142,-0.06,5,29.52,-35.4,-17.22,81,241.31,-38.668,-14.833,84,0.068,0.344,0.82
1417388429,3,-1.9,6.288,7.244,5,29.52,-35.4,-17.1,81,241.745,-39.06,-14.194,84,0.075,0.343,0.817,,,,
1417388429,3,-1.954,6.278,7.479,4,-0.001,-0.083,-0.025,5,29.58,-35.4,-17.04,81,241.646,-39.073,-14.037,84,0.076,0.343,0.818
1417388429,3,-1.754,6.263,7.394,4,0.032,-0.072,-0.02,5,29.58,-35.34,-16.92,,,,,,,,
1417388429,3,-1.86,6.132,7.53,4,-0.018,-0.03,-0.013,5,29.64,-35.34,-16.86,81,241.605,-39.208,-13.759,84,0.079,0.343,0.817
1417388429,3,-1.742,6.123,7.451,4,-0.029,-0.04,-0.002,5,29.7,-35.34,-16.74,81,241.539,-39.254,-13.669,84,0.079,0.343,0.817
1417388429,3,-1.774,6.167,7.612,4,-0.009,-0.022,-0.017,5,29.82,-35.34,-16.62,81,241.419,-39.213,-13.449,84,0.08,0.342,0.818
1417388429,3,-1.76,6.199,7.554,4,-0.066,-0.011,-0.054,5,29.88,-35.34,-16.5,,,,,,,,
1417388429,3,-1.855,6.239,7.615,4,-0.05,-0.031,-0.037,5,29.88,-35.34,-16.38,81,241.325,-38.855,-13.232,84,0.08,0.339,0.819
1417388429,3,-1.738,6.197,7.648,4,-0.057,-0.045,-0.028,5,29.94,-35.28,-16.26,81,241.268,-38.708,-13.1,84,0.08,0.337,0.82
1417388429,3,-1.665,6.112,7.559,4,-0.037,-0.023,-0.002,5,30,-35.22,-16.14,81,241.182,-38.665,-12.939,84,0.08,0.336,0.82
1417388430,3,-1.781,6.048,7.801,4,-0.017,-0.025,0.002,5,30.06,-35.22,-16.02,,,,,,,,
1417388430,3,-1.778,6.142,7.772,4,-0.021,-0.038,-0.01,5,30.12,-35.16,-15.9,81,241.097,-38.683,-12.799,84,0.081,0.336,0.82
1417388430,3,-1.657,6.091,7.611,4,-0.001,-0.037,-0.007,5,30.18,-35.16,-15.84,81,240.821,-38.613,-12.296,84,0.083,0.334,0.822
1417388430,3,-1.605,6.116,7.715,4,-0.021,-0.068,-0.016,5,30.24,-35.1,-15.78,81,240.773,-38.496,-11.941,84,0.085,0.332,0.822
1417388430,3,-1.499,6.118,7.772,4,-0.1,-0.152,-0.013,5,30.24,-35.1,-15.72,,,,,,,,
1417388430,3,-1.467,6.089,7.721,4,-0.044,-0.125,0.011,5,30.3,-35.04,-15.72,81,240.736,-38.194,-11.307,84,0.088,0.327,0.823
1417388430,3,-1.397,6.002,7.822,4,-0.006,-0.079,-0.01,5,30.36,-35.04,-15.78,81,240.641,-38.229,-10.887,84,0.091,0.326,0.823
1417388430,3,-1.35,6.182,7.907,4,-0.06,-0.148,-0.022,5,30.36,-34.98,-15.84,81,240.553,-38.089,-10.446,84,0.093,0.323,0.823
1417388430,3,-1.119,6.243,8.666,4,-0.08,-0.146,-0.047,5,30.36,-34.98,-15.9,,,,,,,,
1417388430,3,-0.692,5.918,8.938,4,-0.461,-0.792,-0.033,5,30.36,-34.92,-16.02,81,240.669,-36.801,-7.515,84,0.107,0.303,0.825
1417388430,3,0.377,5.674,8.473,4,-1.07,-1.529,-0.23,5,30.36,-34.92,-16.26,81,241.927,-32.677,-2.212,84,0.129,0.251,0.825
1417388430,3,0.73,6.242,8.89,4,0.22,-0.49,0.182,5,30.24,-34.86,-16.62,81,241.177,-33.595,0.323,84,0.149,0.247,0.824
1417388430,3,-0.357,5.462,8.796,4,-0.188,0.365,0.267,5,30.12,-34.86,-17.1,,,,,,,,
1417388430,3,-0.201,5.912,7.596,4,-0.067,-0.156,-0.124,5,29.88,-34.8,-17.58,81,240.12,-32.777,0.507,84,0.145,0.242,0.83
1417388430,3,-0.045,4.423,7.762,4,0.561,0.573,0.354,5,29.58,-34.8,-18.18,81,238.128,-35.548,-0.939,84,0.142,0.271,0.833
1417388430,3,-0.314,5.703,7.618,4,0.566,-0.377,-0.235,5,29.28,-34.74,-18.84,81,240.953,-36.924,-0.553,84,0.157,0.275,0.818
1417388431,3,-0.038,5.969,7.557,4,0.213,-0.761,-0.742,5,28.98,-34.68,-19.44,,,,,,,,
1417388431,3,0.669,5.195,7.254,4,0.262,0.552,-0.305,5,28.68,-34.62,-19.98,81,243.656,-37.47,-2.401,84,0.153,0.283,0.807
1417388431,3,0.251,4.468,8.355,4,-0.578,0.416,0.436,5,28.32,-34.62,-20.58,81,241.859,-37.216,-2.919,84,0.144,0.286,0.816
1417388431,3,-0.853,4.284,9.326,4,-0.934,0.849,0.114,5,28.02,-34.56,-21.18,81,240.149,-34.742,-5.396,84,0.112,0.28,0.83
1417388431,3,-2.25,4.964,8.622,4,-0.316,0.343,-0.416,5,27.72,-34.5,-21.72,,,,,,,,
1417388431,3,-2.805,5.413,8.932,4,0.167,0.147,-0.499,5,27.48,-34.44,-22.32,81,243.254,-32.007,-9.299,84,0.079,0.274,0.825
1417388431,3,-2.014,5.701,7.844,4,0.174,-0.128,-0.341,5,27.24,-34.38,-22.8,81,245.084,-32.225,-10.495,84,0.076,0.28,0.817
1417388431,3,-1.977,5.868,8.177,4,0.533,-0.057,-0.144,5,27.06,-34.26,-23.28,81,246.479,-34.24,-11.09,84,0.086,0.295,0.807
1417388431,3,-1.929,6.12,7.834,4,0.37,-0.164,-0.251,5,27,-34.2,-23.76,,,,,,,,
1417388431,3,-1.611,5.996,8,4,0.241,-0.13,-0.211,5,26.94,-34.08,-24.12,81,248.162,-35.486,-11.412,84,0.094,0.303,0.797
1417388431,3,-1.437,5.914,7.745,4,0.103,-0.214,-0.138,5,27,-33.9,-24.36,81,249.165,-36.942,-11.382,84,0.105,0.312,0.79
1417388431,3,-1.467,5.931,8.25,4,0.154,0.053,-0.039,5,27.18,-33.72,-24.48,81,248.893,-37.176,-11.7,84,0.103,0.315,0.791
1417388431,3,-1.408,6.08,7.97,4,-0.019,0.054,-0.048,5,27.36,-33.54,-24.42,,,,,,,,
1417388431,3,-1.539,6.051,8.221,4,-0.04,0.031,-0.074,5,27.66,-33.36,-24.36,81,248.391,-37.244,-11.572,84,0.103,0.315,0.793
1417388431,3,-1.479,6.024,8.234,5,28.02,-33.18,-24.12,81,248.342,-37.664,-12.64,84,0.098,0.323,0.792,,,,
1417388431,3,-1.618,5.93,7.923,4,-0.025,-0.133,-0.144,5,28.38,-33.06,-23.88,81,248.228,-37.29,-12.166,84,0.099,0.318,0.793
1417388431,3,-1.698,6.006,7.272,4,0.267,0.012,-0.07,5,28.8,-32.94,-23.7,,,,,,,,
1417388432,3,-2.154,6.211,8.256,4,0.255,0.149,-0.066,5,29.16,-32.82,-23.46,81,248.822,-39.139,-13.17,84,0.104,0.334,0.787
1417388432,3,-2.428,6.527,7.286,4,0.503,0.414,0.079,5,29.52,-32.7,-23.22,81,248.931,-40.501,-14.723,84,0.101,0.349,0.784
1417388432,3,-2.017,6.679,7.291,4,0.217,-0.108,-0.033,5,29.94,-32.58,-22.92,81,249.599,-41.278,-14.858,84,0.107,0.354,0.779
1417388432,3,-1.116,6.418,5.486,4,0.279,-0.706,0.075,5,30.3,-32.58,-22.62,,,,,,,,
1417388432,3,-1.556,6.103,7.66,4,-0.138,-0.386,0.244,5,30.66,-32.64,-22.2,81,250.11,-42.683,-12.311,84,0.132,0.351,0.772
1417388432,3,-1.162,6.474,6.956,4,-0.222,-0.263,0.019,5,30.96,-32.7,-21.84,81,249.362,-41.625,-9.305,84,0.143,0.333,0.777
1417388432,3,-1.45,6.577,7.544,4,0.071,0.086,0.078,5,31.14,-32.76,-21.48,81,249.724,-41.33,-9.044,84,0.144,0.329,0.776
1417388432,3,-1.602,6.69,7.263,4,0.075,0.039,0.009,5,31.32,-32.82,-21.18,,,,,,,,
1417388432,3,-1.21,6.554,7.284,4,0.014,-0.052,-0.012,5,31.44,-32.88,-20.82,81,250.347,-42.229,-9.708,84,0.147,0.337,0.771
1417388432,3,-0.907,6.579,6.897,4,0.162,0.07,0.046,5,31.44,-33.06,-20.58,81,250.801,-42.219,-9.224,84,0.151,0.334,0.769
1417388432,3,-1.103,6.845,6.992,4,0.13,0.071,-0.019,5,31.32,-33.24,-20.28,81,250.987,-43.147,-9.427,84,0.155,0.341,0.765
1417388432,3,-0.982,6.713,6.723,4,0.039,0.026,-0.021,5,31.26,-33.42,-20.04,,,,,,,,
1417388432,3,-1.165,6.6,7.278,4,0.089,0.062,-0.007,5,31.2,-33.6,-19.8,81,251.241,-43.883,-9.402,84,0.16,0.345,0.762
1417388432,3,-1.01,6.509,7.351,4,-0.164,-0.037,-0.01,5,31.08,-33.78,-19.56,81,251.194,-43.311,-9.13,84,0.158,0.34,0.764
1417388432,3,-1.065,6.661,7.334,4,0.01,-0.007,-0.043,5,31.02,-33.96,-19.32,81,251.213,-43.228,-9.081,84,0.158,0.339,0.764
1417388432,3,-1.146,6.879,7.08,4,-0.002,-0.045,-0.101,5,30.9,-34.2,-19.14,,,,,,,,
1417388432,3,-1.463,6.993,7.088,4,0.157,-0.036,-0.096,5,30.84,-34.38,-18.9,81,251.645,-43.136,-9.079,84,0.159,0.338,0.762
1417388433,3,-1.171,6.694,7.071,4,-0.134,-0.362,-0.137,5,30.72,-34.56,-18.72,81,252.434,-43.289,-8.027,84,0.169,0.333,0.757
1417388433,3,-0.939,6.449,6.883,4,-0.044,-0.203,0.064,5,30.6,-34.74,-18.6,81,251.922,-43.258,-7.139,84,0.172,0.33,0.759
1417388433,3,-0.451,6.485,7.113,4,-0.3,-0.451,0.064,5,30.48,-34.8,-18.48,,,,,,,,
1417388433,3,-0.719,5.984,7.974,4,-0.34,-0.388,0,5,30.36,-34.86,-18.48,81,251.448,-42.279,-6.16,84,0.172,0.32,0.763
1417388433,3,-0.011,5.361,7.375,4,-0.86,-0.425,0.065,5,30.24,-34.92,-18.42,81,250.903,-40.061,-4.793,84,0.168,0.301,0.77
1417388433,3,0.301,4.385,9.136,4,-0.807,-0.21,-0.028,5,30.12,-34.98,-18.42,81,249.487,-30.514,-1.808,84,0.138,0.225,0.795
1417388433,3,-0.108,4.667,9.962,4,-2.102,-0.508,-0.561,5,29.94,-35.04,-18.42,,,,,,,,
1417388433,3,0.776,3.591,8.87,4,-0.884,-0.557,0.039,5,29.64,-34.8,-18.9,81,249.54,-25.977,-0.081,84,0.128,0.185,0.801
1417388433,3,0.385,2.882,9.05,4,-1.082,-0.312,-0.114,5,29.34,-34.44,-19.62,81,249.612,-22.219,1.751,84,0.122,0.15,0.804
1417388433,3,0.897,2.58,8.915,4,-0.974,0.212,-0.018,5,28.98,-34.08,-20.46,81,249.119,-18.643,1.423,84,0.102,0.126,0.812
1417388433,3,0.603,2.042,9.813,4,-1.371,0.036,-0.268,5,28.68,-33.54,-21.48,,,,,,,,
1417388433,3,-0.007,1.893,9.21,4,-1.059,0.644,0.261,5,28.26,-32.82,-22.62,81,249.611,-13.778,1.369,84,0.078,0.092,0.814
1417388433,3,-0.409,1.489,11.439,4,-1.194,0.344,-0.043,5,27.9,-31.86,-23.88,81,240.075,-5.701,-1.514,84,0.013,0.05,0.865
1417388433,3,-0.291,0.819,9.749,4,-0.857,0.1,0.868,5,27.54,-30.72,-25.2,81,231.711,-4.388,-1.524,84,0.005,0.04,0.899
1417388433,3,0.332,0.512,10.561,4,-0.312,-0.138,0.036,5,27.24,-29.4,-26.52,,,,,,,,
1417388433,3,0.16,-0.021,9.752,4,-0.47,-0.444,-0.014,5,26.94,-28.02,-27.84,81,229.406,-1.76,-0.502,84,0.002,0.016,0.908
1417388434,3,0.906,0.378,9.796,4,-0.034,-0.742,-0.136,5,26.64,-26.46,-29.22,81,227.698,-2.024,2.096,84,0.024,0.009,0.914
1417388434,3,0.615,0.266,10.12,4,0.116,-0.315,-0.023,5,26.34,-24.9,-30.66,81,225.354,-2.284,3.589,84,0.037,0.006,0.922
1417388434,3,0.807,0.178,10.28,4,0.063,0.115,0.13,5,26.04,-23.34,-32.22,,,,,,,,
1417388434,3,0.752,0.262,10.376,4,0.032,0.067,0.081,5,25.74,-21.84,-33.78,81,225.382,-2.279,3.282,84,0.034,0.007,0.922
1417388434,3,0.956,0.135,9.84,4,0.014,-0.028,-0.059,5,25.44,-20.28,-35.34,81,226.057,-2.289,3.57,84,0.036,0.006,0.919
1417388434,3,0.979,0.649,10.218,4,0.155,-0.152,-0.037,5,25.14,-18.72,-36.9,81,227.393,-2.703,4.255,84,0.043,0.007,0.914
1417388434,3,1.437,0.194,9.765,4,0.063,-0.29,-0.069,5,24.84,-17.16,-38.4,,,,,,,,
1417388434,3,1.36,0.949,9.345,4,0.247,-0.288,-0.002,5,24.72,-15.9,-39.48,81,229.702,-3.017,5.375,84,0.054,0.004,0.906
1417388434,3,1.062,0.652,10.64,4,0.06,-0.352,0.119,5,24.48,-14.76,-40.26,81,234.742,-3.585,7.528,84,0.073,-0.002,0.885
1417388434,3,0.902,0.661,9.886,4,0.021,0.307,0.035,5,24.18,-13.68,-40.98,81,237.499,-3.848,5.798,84,0.06,0.005,0.874
1417388434,3,0.648,0.861,9.667,4,0.174,0.41,-0.064,5,23.94,-12.72,-41.52,,,,,,,,
1417388434,3,0.425,1.128,10.114,4,0.431,0.371,-0.114,5,23.76,-12,-41.88,81,240.355,-5.096,5.247,84,0.062,0.015,0.862
1417388434,3,0.116,1.417,9.838,4,0.289,0.616,0.191,5,23.52,-11.52,-42.18,81,246.23,-6.092,2.781,84,0.049,0.031,0.835
1417388434,3,-0.696,1.056,10.124,4,0.076,1.168,0.195,5,23.34,-11.28,-42.48,81,254.816,-6.827,-2.673,84,0.018,0.061,0.794
1417388434,3,-1.124,1.277,9.944,4,-0.031,0.87,0.094,5,23.1,-11.28,-42.66,,,,,,,,
1417388434,3,-1.888,1.046,9.977,4,0,1.307,0.148,5,22.92,-11.34,-42.84,,,,,,,,
1417388434,3,-2.044,1.53,9.24,4,-0.015,0.856,0.198,5,22.86,-11.58,-42.78,81,255.796,-7.02,-10.539,84,-0.035,0.104,0.788
1417388435,3,-2.598,1.289,9.415,4,0.122,0.879,0.229,5,22.98,-11.88,-42.6,81,254.159,-7.866,-13.502,84,-0.052,0.125,0.795
1417388435,3,-2.988,1.358,9.563,4,-0.262,0.977,0.187,5,23.34,-12.18,-42.18,,,,,,,,
1417388435,3,-3.557,1.233,9.41,4,0.165,0.676,0.02,5,23.76,-12.54,-41.58,81,251.343,-7.177,-16.885,84,-0.083,0.136,0.807
1417388435,3,-3.633,1.289,9.611,4,-0.311,0.608,0.016,5,24.36,-12.9,-40.86,81,245.739,-6.624,-21.034,84,-0.122,0.147,0.83
1417388435,3,-3.755,1.214,8.845,4,0.081,0.295,0.083,5,25.08,-13.26,-40.02,81,244.109,-7.575,-22.143,84,-0.128,0.157,0.837
1417388435,3,-4.165,1.267,9.126,4,0.053,0.54,-0.042,5,25.86,-13.62,-39.18,,,,,,,,
1417388435,3,-4.629,1.247,8.517,4,0.038,0.649,0.18,5,26.76,-14.04,-38.22,81,242.684,-7.561,-24.356,84,-0.146,0.165,0.84
1417388435,3,-4.996,1.329,8.891,4,-0.121,0.683,0.024,5,27.78,-14.46,-37.2,81,240.181,-8.039,-26.984,84,-0.167,0.176,0.847
1417388435,3,-5.677,1.371,8.264,4,0.112,0.787,0.111,5,28.92,-14.88,-36.06,81,235.682,-8.372,-32.415,84,-0.213,0.192,0.856
1417388435,3,-5.573,1.636,8.402,4,-0.022,0.833,0.153,5,30.18,-15.3,-34.8,,,,,,,,
1417388435,3,-5.86,1.51,7.724,4,0.037,0.417,-0.082,5,31.5,-15.72,-33.48,81,234.035,-8.343,-34.845,84,-0.234,0.198,0.857
1417388435,3,-5.76,1.787,7.667,4,0.312,0.309,0.063,5,32.82,-16.08,-32.1,81,233.739,-9.23,-35.804,84,-0.239,0.207,0.857
1417388435,3,-6.174,1.774,7.576,4,0.208,0.528,0.025,5,34.2,-16.38,-30.66,81,232.962,-10.098,-37.807,84,-0.252,0.219,0.856
1417388435,3,-6.173,1.865,7.377,4,0.206,0.69,-0.034,5,35.58,-16.62,-29.1,,,,,,,,
1417388435,3,-6.73,1.873,7.46,4,0.17,0.189,-0.061,5,36.96,-16.86,-27.36,81,233.384,-10.648,-40.386,84,-0.268,0.232,0.849
1417388435,3,-6.834,1.847,6.643,4,0.17,0.417,-0.119,5,38.1,-17.1,-25.68,81,234.85,-11.203,-42.835,84,-0.28,0.248,0.838
1417388435,3,-7.011,2.055,7.009,4,0.077,0.71,-0.173,5,39.24,-17.34,-24,81,235.68,-10.963,-45.927,84,-0.302,0.26,0.827
1417388436,3,-7.53,1.961,6.034,4,0.007,0.858,-0.02,5,40.08,-17.58,-22.38,,,,,,,,
1417388436,3,-7.636,1.721,5.743,4,0.171,0.824,-0.128,5,40.92,-17.76,-20.88,81,236.413,-11.247,-48.688,84,-0.319,0.273,0.817
1417388436,3,-8.042,2.053,5.431,4,0.127,0.643,-0.071,5,41.64,-17.94,-19.38,81,236.549,-10.945,-51.4,84,-0.339,0.281,0.809
1417388436,3,-8.291,1.81,5.294,4,-0.007,0.72,-0.027,5,42.24,-18.06,-17.82,81,238.229,-11.211,-56.805,84,-0.371,0.306,0.787
1417388436,3,-8.206,1.921,4.797,4,0.05,0.605,-0.072,5,42.78,-18.24,-16.2,,,,,,,,
1417388436,3,-8.535,2.056,4.565,4,-0.05,0.71,0.086,5,43.32,-18.3,-14.46,81,238.478,-11.498,-59.202,84,-0.385,0.317,0.778
1417388436,3,-8.659,1.915,4.214,4,-0.046,0.727,0.069,5,43.86,-18.42,-12.72,81,238.084,-11.812,-61.766,84,-0.402,0.326,0.771
1417388436,3,-8.911,1.973,3.883,4,-0.141,0.641,0.003,5,44.34,-18.48,-10.98,81,238.125,-11.593,-64.113,84,-0.419,0.333,0.762
1417388436,3,-8.888,2.2,3.593,4,-0.087,0.769,0.025,5,44.76,-18.54,-9.24,,,,,,,,
1417388436,3,-9.24,1.985,3.443,4,-0.067,0.609,0.065,5,45.12,-18.6,-7.38,81,238.307,-11.931,-69.141,84,-0.45,0.352,0.742
1417388436,3,-9,1.88,2.83,4,-0.085,0.231,-0.048,5,45.36,-18.66,-5.46,81,238.468,-11.717,-69.99,84,-0.455,0.354,0.738
1417388436,3,-9.361,1.935,2.991,4,-0.154,0.574,0.002,5,45.6,-18.72,-3.6,81,237.871,-11.512,-72.051,84,-0.471,0.356,0.731
1417388436,3,-9.375,1.721,2.825,4,-0.274,0.534,-0.082,5,45.84,-18.78,-1.8,,,,,,,,
1417388436,3,-9.355,2.246,3.139,4,-0.072,0.385,-0.012,5,46.02,-18.84,-1.8,81,237.404,-11.142,-73.877,84,-0.486,0.358,0.724
1417388436,3,-9.075,1.963,4.096,4,-0.072,-0.366,-0.001,5,46.2,-18.84,1.62,81,237.288,-11.295,-74.743,84,-0.491,0.361,0.721
1417388436,3,-7.895,2.588,5.386,4,-0.032,-1.948,-0.061,5,46.32,-18.84,3.3,81,236.82,-11.069,-58.924,84,-0.39,0.308,0.784
1417388436,3,-7.154,1.786,6.645,4,0.067,-3.559,0.045,5,46.44,-18.84,4.68,,,,,,,,
1417388437,3,-5.731,2.15,6.5,4,-0.157,-3.979,-0.351,5,46.56,-18.9,5.58,81,238.569,-10.447,-44.617,84,-0.288,0.259,0.82
1417388437,3,-4.186,1.432,10.233,4,0.43,-3.684,-0.462,5,46.5,-18.84,5.46,81,242.785,-11.211,-32.514,84,-0.189,0.225,0.829
1417388437,3,-2.799,2.016,9.039,4,0.271,-2.121,-0.531,5,46.38,-18.84,4.74,81,245.155,-10.748,-24.199,84,-0.126,0.19,0.831
1417388437,3,-0.731,2.167,9.941,4,0.631,-3.776,-0.47,5,45.96,-18.84,3.54,,,,,,,,
1417388437,3,0.472,2.397,9.383,4,-0.022,-2.239,-0.146,5,45.3,-18.78,1.8,81,247.464,-12.355,-2.208,84,0.044,0.1,0.828
1417388437,3,1.33,1.688,9.671,4,0.042,-2.369,-0.05,5,44.34,-18.78,-0.24,81,247.708,-12.508,6.126,84,0.105,0.061,0.821
1417388437,3,3.117,2.504,9.462,4,-0.083,-2.072,-0.04,5,43.14,-18.84,-2.7,81,248.052,-12.594,14.067,84,0.162,0.022,0.81
1417388437,3,3.693,2.037,8.847,4,0.013,-1.886,-0.013,5,41.58,-18.78,-5.4,,,,,,,,
1417388437,3,4.943,2.386,8.88,4,-0.097,-1.791,-0.001,5,39.48,-18.72,-8.52,81,247.965,-12.502,20.746,84,0.208,-0.011,0.8
1417388437,3,5.556,2.054,7.556,4,0.108,-2.067,0.09,5,37.08,-18.66,-11.82,81,247.851,-12.648,27.677,84,0.257,-0.044,0.787
1417388437,3,6.609,2.139,6.896,4,-0.121,-2.007,0.238,5,34.44,-18.6,-15.24,81,245.53,-12.143,42.679,84,0.358,-0.112,0.759
1417388437,3,7.105,2.152,6.297,4,0.1,-1.711,0.036,5,31.56,-18.6,-18.78,,,,,,,,
1417388437,3,7.706,1.866,5.647,4,-0.141,-1.4,0.134,5,28.14,-18.48,-22.38,81,244.579,-11.715,48.289,84,0.394,-0.138,0.746
1417388437,3,8,2.186,5.04,4,0.031,-1.241,-0.012,5,24.6,-18.48,-25.98,81,243.97,-11.373,53.036,84,0.424,-0.159,0.733
1417388437,3,8.784,2.075,4.743,4,0.036,-1.038,-0.015,5,20.82,-18.42,-29.46,81,243.351,-11.643,57.126,84,0.452,-0.173,0.719
1417388437,3,8.556,2.123,4.288,4,-0.061,-0.484,0.108,5,16.8,-18.42,-32.88,,,,,,,,
1417388438,3,8.375,2.136,4.6,4,-0.077,0.28,0.138,5,12.6,-18.3,-35.76,81,244.868,-10.672,58.888,84,0.457,-0.193,0.708
1417388438,3,7.396,1.956,5.467,4,-0.021,1.309,0.108,5,8.46,-18.36,-37.74,81,245.816,-10.42,54.301,84,0.426,-0.178,0.722
1417388438,3,5.895,1.211,7.942,4,-0.042,2.779,0.204,5,4.5,-18.36,-39.3,81,246.224,-9.707,43.279,84,0.351,-0.135,0.759
1417388438,3,4.096,1.764,9.313,4,-0.15,3.504,-0.062,5,0.84,-18.36,-40.5,,,,,,,,
1417388438,3,2.447,1.898,9.352,4,0.432,3.154,-0.21,5,-1.92,-18.42,-41.58,81,247.687,-9.597,30.111,84,0.26,-0.077,0.787
1417388438,3,1.026,1.552,10.57,4,0.003,3.365,-0.136,5,-3.66,-18.48,-42.42,81,248.319,-11.413,18.941,84,0.191,-0.011,0.803
1417388438,3,0.239,2.327,9.577,4,0.326,2.119,-0.089,5,-4.44,-18.54,-42.96,81,249.252,-12.312,1.547,84,0.072,0.081,0.817
1417388438,3,-0.369,2.014,10.061,4,0.017,1.476,-0.09,5,-4.68,-18.66,-43.2,,,,,,,,
1417388438,3,-0.358,2.323,9.426,4,0.188,0.57,-0.085,5,-4.32,-18.78,-43.08,81,247.52,-12.715,-2.265,84,0.045,0.103,0.827
1417388438,3,-0.393,2.362,9.182,4,0.256,-0.083,-0.096,5,-3.36,-18.84,-42.9,81,245.614,-13.627,-2.599,84,0.045,0.112,0.836
1417388438,3,-0.269,2.399,9.561,4,-0.064,-0.311,-0.012,5,-1.98,-18.9,-42.6,81,242.66,-14.016,-1.872,84,0.05,0.113,0.849
1417388438,3,-0.098,2.14,9.601,4,-0.345,-0.313,-0.072,5,-0.42,-18.9,-42.18,,,,,,,,
1417388438,3,-0.041,1.353,9.729,4,-0.674,-0.25,-0.047,5,1.74,-19.02,-41.76,81,218.283,-10.575,0.135,84,0.031,0.087,0.941
1417388438,3,0.042,0.888,9.971,4,-0.998,-0.191,-0.049,5,4.02,-19.08,-41.4,81,198.971,-6.881,0.757,84,0.016,0.058,0.984
1417388438,3,0.366,-0.338,9.969,4,-1.533,-0.173,0.095,5,6.6,-19.08,-41.1,81,188.364,-1.502,1.191,84,0.011,0.012,0.997
1417388438,3,0.458,-0.624,9.6,4,-1.116,-0.186,-0.121,5,9.24,-18.84,-40.98,,,,,,,,
1417388438,3,0.482,-1.41,9.819,4,-1.09,-0.235,-0.192,5,12.06,-18.48,-40.92,81,193.718,2.618,2.416,84,0.018,-0.025,0.992
1417388439,3,0.641,-1.974,9.506,4,-1.26,-0.153,0.007,5,14.88,-17.88,-40.98,81,206.097,6.195,2.5,84,0.009,-0.058,0.973
1417388439,3,0.312,-2.397,9.597,4,-0.985,0.123,0.219,5,17.7,-17.16,-41.04,81,225.601,14.402,2.047,84,-0.032,-0.122,0.915
1417388439,3,0.318,-3.713,9.102,4,-1.3,0.158,0.176,5,20.4,-16.2,-41.1,,,,,,,,
1417388439,3,0.381,-3.688,9.029,4,-1.027,0.012,0.044,5,22.38,-15,-40.98,81,229.976,18.673,2.177,84,-0.052,-0.155,0.895
1417388439,3,0.393,-4.366,9.54,4,-0.767,0.02,-0.1,5,23.58,-13.62,-40.92,81,232.937,21.461,2.234,84,-0.066,-0.175,0.881
1417388439,3,0.338,-4.261,8.965,4,-0.335,-0.083,-0.025,5,24.12,-12,-40.92,81,234.58,23.387,2.156,84,-0.077,-0.188,0.872
1417388439,3,0.546,-4.572,9.035,4,-0.367,-0.178,0.015,5,24.48,-10.26,-40.98,,,,,,,,
1417388439,3,0.909,-4.847,8.422,4,-0.905,-0.335,-0.088,5,24.66,-8.46,-41.16,81,236.226,27.82,4.031,84,-0.083,-0.228,0.859
1417388439,3,0.574,-5.35,8.484,4,-0.931,-0.314,0.097,5,24.66,-6.54,-41.4,81,235.478,31.223,5.237,84,-0.087,-0.258,0.856
1417388439,3,0.826,-5.642,8.387,4,-0.618,-0.1,-0.031,5,24.48,-4.56,-41.64,81,234.581,33.413,5.592,84,-0.091,-0.276,0.855
1417388439,3,0.828,-6.034,8.268,4,-0.577,0.03,-0.084,5,24.36,-2.4,-41.94,,,,,,,,
1417388439,3,0.884,-6.168,7.988,4,-0.47,0.09,-0.047,5,24.18,-0.06,-42.36,81,234.305,35.337,5.852,84,-0.096,-0.291,0.852
1417388439,3,0.845,-6.13,8.094,4,-0.146,-0.038,0.013,5,24,2.28,-42.72,81,234.261,36.972,6.123,84,-0.101,-0.304,0.848
1417388439,3,0.817,-6.05,8.264,4,-0.053,-0.059,0.01,5,23.82,4.74,-43.08,81,233.513,37.027,5.939,84,-0.101,-0.305,0.851
1417388439,3,0.611,-5.295,9.256,4,0.295,0.189,0.021,5,23.64,6.9,-43.32,,,,,,,,
1417388439,3,0.456,-4.439,8.082,4,1.546,0.344,0.106,5,23.52,9,-43.5,81,234.629,34.138,4.638,84,-0.101,-0.278,0.853
1417388439,3,-0.056,-4.12,10.665,4,1.867,0.331,0.163,5,23.4,10.8,-43.56,81,235.675,25.05,1.904,84,-0.087,-0.199,0.865
1417388440,3,-0.11,-2.335,8.975,4,1.799,0.523,0.068,5,23.34,12.3,-43.62,81,238.026,20.143,-0.598,84,-0.089,-0.15,0.861
1417388440,3,-0.242,-1.797,10.421,4,1.682,0.042,0.104,5,23.34,13.26,-43.68,,,,,,,,
1417388440,3,-0.253,-0.22,9.728,4,1.971,0.04,0.135,5,23.46,13.62,-43.68,81,241.669,5.955,-1.09,84,-0.035,-0.04,0.857
1417388440,3,0.024,1.038,9.749,4,2.319,-0.403,0.358,5,23.58,13.44,-43.62,81,241.655,-2.626,0.342,84,0.014,0.018,0.858
1417388440,3,0.22,2.313,9.41,4,2.398,-0.159,0.117,5,23.7,12.6,-43.44,81,246.44,-11.369,1.005,84,0.062,0.078,0.832
1417388440,3,0.1,3.552,9.384,4,1.883,0.02,0.072,5,23.76,11.16,-43.2,,,,,,,,
1417388440,3,-0.113,5.24,8.679,4,1.903,-0.067,0.145,5,23.76,9.3,-42.84,81,251.815,-18.113,0.886,84,0.098,0.123,0.799
1417388440,3,-0.151,5.553,8.244,4,2.34,0.301,0.032,5,23.82,7.08,-42.36,81,258.72,-25.167,1.33,84,0.147,0.161,0.753
1417388440,3,-0.405,6.738,7.354,4,1.841,0.226,0.099,5,23.88,4.56,-41.76,81,278.227,-39.608,-0.34,84,0.254,0.224,0.616
1417388440,3,-0.035,7.52,6.509,4,2.214,-0.144,-0.046,5,23.88,1.68,-40.74,,,,,,,,
1417388440,3,-0.052,8.369,5.728,4,1.987,-0.209,-0.123,5,23.94,-1.68,-39.48,81,287.71,-48.019,0.278,84,0.33,0.238,0.538
1417388440,3,-0.092,8.412,4.748,4,1.667,-0.294,-0.078,5,24.06,-5.16,-37.92,81,292.833,-53.902,0.124,84,0.378,0.25,0.493
1417388440,3,0.083,8.604,4.488,4,1.26,-0.169,-0.067,5,24.18,-8.82,-36.18,81,298.083,-59.351,0.405,84,0.427,0.251,0.446
1417388440,3,0.144,8.828,4.424,4,0.439,-0.373,-0.101,5,24.3,-12.66,-34.2,,,,,,,,
1417388440,3,0.093,8.822,4.104,4,0.314,-0.221,-0.029,5,24.42,-16.5,-32.04,81,304.091,-62.79,1.246,84,0.466,0.232,0.397
1417388440,3,0.215,8.997,3.874,4,0.46,-0.279,-0.064,5,24.54,-20.34,-29.88,81,305.69,-64.654,1.527,84,0.484,0.229,0.382
1417388441,3,0.207,9.272,3.636,4,0.583,-0.239,-0.096,5,24.66,-24,-27.48,81,304.433,-67.004,1.644,84,0.497,0.241,0.385
1417388441,3,0.205,8.985,2.888,4,0.966,-0.081,-0.113,5,24.72,-27.36,-25.08,,,,,,,,
1417388441,3,-0.059,9.488,2.007,4,1.051,0.1,-0.221,5,24.72,-30.42,-22.62,81,298.7,-70.888,1.349,84,0.507,0.282,0.412
1417388441,3,-0.053,10.05,1.611,4,1.511,-0.106,-0.177,5,24.66,-33.12,-19.98,81,290.434,-80.623,-0.146,84,0.53,0.371,0.435
1417388441,3,-0.12,9.691,0.566,4,0.959,-0.223,-0.221,5,24.66,-35.34,-17.34,81,288.437,-84.357,-0.556,84,0.54,0.399,0.434
1417388441,3,-0.323,9.718,-0.053,4,1.23,-0.039,-0.252,5,24.72,-37.08,-14.52,,,,,,,,
1417388441,3,-0.277,9.695,-0.667,4,1.084,-0.081,-0.223,5,24.78,-38.46,-11.7,81,288.013,-88.193,-1.502,84,0.553,0.43,0.423
1417388441,3,-0.432,9.439,-0.86,4,0.7,0.015,-0.111,5,24.9,-39.54,-8.76,81,290.238,-93.346,-2.129,84,0.568,0.447,0.406
1417388441,3,-0.529,9.485,-0.686,4,-0.1,0.028,0.02,5,25.08,-40.44,-5.76,81,290.128,-94.22,-2.035,84,0.574,0.45,0.403
1417388441,3,-0.227,9.643,0.166,4,-0.872,-0.187,0.108,5,25.32,-41.04,-3.12,,,,,,,,
1417388441,3,0.154,9.712,2.664,4,-2.692,-0.549,0.282,5,25.56,-41.4,-0.72,81,281.874,-82.727,-0.644,84,0.508,0.423,0.474
1417388441,3,0.069,8.804,4.332,4,-3.795,-0.305,0.521,5,25.74,-41.64,1.26,81,275.423,-68.818,1.677,84,0.431,0.366,0.552
1417388441,3,0.569,8.206,4.871,4,-1.928,0.262,0.408,5,25.92,-41.82,2.28,81,269.276,-61.802,2.813,84,0.382,0.345,0.605
1417388441,3,0.384,6.728,6.482,4,-2.517,-0.064,0.154,5,25.98,-41.82,2.46,,,,,,,,
1417388441,3,0.509,6.703,7.304,4,-3.429,0.129,0.084,5,26.04,-41.76,2.16,81,266.972,-51.628,4.934,84,0.324,0.293,0.647
1417388441,3,0.296,4.293,8.628,4,-3.535,0.961,0.201,5,26.1,-41.52,1.62,81,257.767,-25.48,2.616,84,0.156,0.158,0.756
1417388441,3,0.707,2.094,9.181,4,-2.564,-0.521,0.497,5,26.16,-41.04,0.54,81,243.321,-17.735,4.542,84,0.114,0.111,0.837
1417388442,3,0.359,1.295,9.931,4,-3.414,-0.286,-0.635,5,26.1,-40.02,-1.14,,,,,,,,
1417388442,3,0.971,-2.851,9.251,4,-4.357,-0.917,-0.345,5,26.04,-38.58,-3.36,81,235.758,-1.62,4.911,84,0.044,-0.008,0.883
1417388442,3,1.385,-2.436,9.054,4,-2.561,-0.554,-0.292,5,25.98,-36.3,-5.94,81,231.243,9.051,8.356,84,0.031,-0.102,0.899
1417388442,3,2.06,-5.079,8.893,4,-3.048,-0.248,-0.039,5,25.74,-33.54,-8.88,81,228.341,20.631,10.744,84,0.011,-0.2,0.9
1417388442,3,1.697,-4.801,9.173,4,-1.078,-0.137,0.309,5,25.2,-30.18,-11.88,,,,,,,,
1417388443,3,0.515,0.737,10.193,4,-0.703,-0.635,0.17,5,20.1,-17.28,-38.46,81,255.062,-4.753,5.115,84,0.061,0.006,0.79
1417388443,3,1.973,2.893,7.403,4,0.973,-1.23,-0.107,5,20.34,-19.68,-37.98,,,,,,,,
1417388443,3,-0.079,2.38,8.987,4,4.186,-0.526,-1.062,5,20.4,-21.36,-37.5,81,238.486,-15.245,6.823,84,0.116,0.087,0.86
1417388443,3,0.487,2.563,9.364,4,-1.466,0.222,-0.003,5,20.52,-22.62,-37.02,81,230.805,-16.913,3.241,84,0.088,0.121,0.891
1417388443,3,-0.105,3.436,9.421,4,0.091,0.989,-0.238,5,20.7,-23.52,-36.6,81,226.27,-14.508,0.578,84,0.054,0.114,0.912
1417388443,3,-0.569,3.185,10.001,4,-0.039,0.607,-0.039,5,21.12,-24.06,-36.24,,,,,,,,
1417388443,3,-0.934,2.807,10.028,4,-0.68,0.47,-0.12,5,21.36,-24.24,-36.12,81,223.734,-13.809,-3.763,84,0.015,0.124,0.922
1417388443,3,-1.211,2.562,10.202,4,-0.024,0.169,0.056,5,21.42,-24.18,-36.12,81,224.641,-14.254,-4.452,84,0.011,0.129,0.919
1417388443,3,-1.224,2.569,9.667,4,-0.2,-0.162,-0.081,5,21.48,-23.94,-36.12,81,226.296,-13.568,-4.114,84,0.014,0.123,0.914
1417388443,3,-1.115,2.503,9.518,4,0.086,-0.189,0.009,5,21.6,-23.7,-36.12,,,,,,,,
1417388444,3,-0.886,2.871,9.358,4,0.03,-0.107,-0.124,5,21.72,-23.46,-36.18,81,227.844,-13.825,-3.648,84,0.02,0.123,0.908
1417388444,3,-0.674,2.723,9.458,4,0.018,-0.001,-0.002,5,22.86,-23.04,-35.7,81,234.341,-15.376,-3.651,84,0.033,0.133,0.883
1417388444,3,-0.759,2.981,9.503,4,0.072,0.055,-0.047,5,23.16,-23.22,-35.52,81,235.086,-15.572,-3.793,84,0.034,0.135,0.88
1417388444,3,-0.73,3.03,9.466,4,-0.016,-0.003,-0.065,5,23.4,-23.4,-35.28,,,,,,,,
1417388444,3,-0.86,2.963,9.604,4,0.055,0.038,-0.073,5,23.7,-23.64,-35.04,81,236.54,-16.096,-4.194,84,0.034,0.14,0.874
1417388448,3,-0.686,9.729,0.201,4,0.491,0.087,-0.002,5,24.6,-39.42,-5.1,81,282.143,-84.88,-3.277,84,0.5,0.464,0.466
1417388448,3,-0.684,9.758,-0.354,4,0.601,0.113,-0.03,5,24.54,-40.44,-2.04,81,280.995,-86.29,-3.375,84,0.503,0.483,0.465
1417388448,3,-0.516,9.643,-0.587,4,0.58,0.097,0.05,5,24.42,-41.16,0.9,,,,,,,,
1417388448,3,-0.696,9.88,-0.591,4,0.482,0.107,-0.011,5,24.36,-41.7,3.78,81,274.984,-93.267,-3.16,84,0.484,0.522,0.488
1417388448,3,-0.378,9.654,-0.961,4,0.38,0.022,0.1,5,24.24,-42.06,6.48,81,265.892,-94.983,-2.81,84,0.457,0.572,0.511
1417388448,3,-0.381,9.519,-0.915,5,24.12,-42.24,8.88,81,262.92,-96.051,-2.353,84,0.454,0.585,0.513,,,,
1417388448,3,-0.345,9.688,-1.393,4,0.431,0.113,0.051,5,23.94,-42.24,11.16,,,,,,,,
1417388448,3,-0.375,9.704,-1.75,4,0.488,0.126,0.075,5,23.82,-41.94,13.26,81,260.16,-97.63,-2.097,84,0.45,0.601,0.514
1417388448,3,-0.205,9.501,-1.876,4,0.414,0.122,0.128,5,23.64,-41.58,15.18,81,256.847,-99.39,-1.559,84,0.448,0.616,0.514
1417388448,3,-0.054,9.463,-2.148,4,0.328,0.062,0.137,5,23.4,-41.16,16.92,81,251.316,-101.996,-0.292,84,0.448,0.635,0.512
1417388448,3,0.075,9.407,-2.021,4,0.324,0.049,0.151,5,23.28,-40.74,18.48,,,,,,,,
1417388448,3,0.232,9.262,-2.222,4,0.317,0.011,0.127,5,23.1,-40.32,19.86,81,248.747,-103.187,0.389,84,0.449,0.642,0.512
1417388448,3,0.166,9.515,-3.083,4,0.392,0.05,0.107,5,22.92,-39.84,21.12,81,246.385,-104.609,1.035,84,0.451,0.65,0.509
1417388448,3,0.277,9.293,-2.771,4,0.385,0.065,0.057,5,22.68,-39.36,22.38,81,244.961,-106.426,1.351,84,0.453,0.66,0.502
1417388448,3,0.399,9.256,-3.182,4,0.177,0.099,0.091,5,22.5,-38.94,23.52,,,,,,,,
1417388449,3,0.378,9.218,-2.987,4,0.19,-0.038,0.124,5,22.2,-38.46,24.66,81,240.858,-108.268,2.468,84,0.452,0.672,0.501
1417388449,3,0.582,8.899,-2.787,4,0.093,-0.013,0.115,5,21.96,-37.92,25.8,81,239.125,-108.761,2.965,84,0.45,0.675,0.502
1417388449,3,0.378,9.082,-3.137,4,0.259,-0.166,0.145,5,21.66,-37.44,26.94,81,238.124,-109.945,3.434,84,0.454,0.68,0.497
1417388449,3,0.625,8.918,-3.774,4,0.481,-0.222,0.133,5,21.3,-36.96,27.9,,,,,,,,
1417388449,3,0.819,8.815,-4.029,4,0.513,-0.095,0.237,5,21,-36.48,28.8,81,235.002,-111.9,4.013,84,0.448,0.695,0.493
1417388449,3,0.973,8.686,-3.849,4,0.335,0.039,0.198,5,20.64,-36,29.7,81,232.087,-113.875,4.929,84,0.448,0.706,0.487
1417388449,3,1.071,8.689,-3.979,4,0.304,0.066,0.15,5,20.28,-35.52,30.6,81,228.345,-116.706,6.316,84,0.449,0.72,0.478
1417388449,3,1.037,8.542,-4.908,4,0.521,0.014,0.129,5,19.86,-35.1,31.32,,,,,,,,
